Año_mes,Tarifa_Compra_COP_kWh,Tarifa_Venta_COP_kWh,Demanda_kWh,Generacion_PV_AC_kWh,PV_a_Carga_kWh,Bateria_a_Carga_kWh,Importacion_Red_kWh,PV_a_Bateria_kWh,Exportacion_kWh,Curtailment_kWh,Energia_No_Servida_kWh,Ahorros_Compra_Energia_COP,Ingreso_Exportacion_COP,Utilidades_en_Venta_COP,Ahorro_COP,NPV_COP,Utilidades_Netas_COP
01-01,900.0,120.0,2000.0000000000005,2594.2253524712246,1588.6932972241034,411.3067027758972,0,457.00744752877546,1005.5320552471211,2.7013946635179308e-14,0,1800000.0000000005,120663.84662965454,120663.84662965454,1920663.846629655,-91567129.4248755,1920663.846629655
01-02,903.6667114052835,120.4888948540378,2040.0,2585.0852035206503,1620.467163168585,419.53283683141495,0,466.14759647935006,964.6180403520649,0.0,0,1843480.0912667783,116225.76163828794,116225.76163828794,1959705.8529050662,-89623294.68338504,1959705.8529050662
01-03,907.3483614467111,120.97978152622814,2099.9999999999995,2571.3749800947876,1668.1279620853077,431.8720379146919,0,479.857819905212,903.2470180094796,2.7013946635179308e-14,0,1905431.5590380928,109274.6269030039,109274.6269030039,2014706.1859410969,-87633013.69234565,2014706.1859410969
01-04,911.0450109861355,121.47266813148472,2160.0,2557.664756668924,1715.7887610020312,444.21123899796885,0,493.56804333107607,841.8759956668925,0.0,0,1967857.2237300526,102264.9234295077,102264.9234295077,2070122.1471595604,-85596286.45175731,2070122.1471595604
01-05,914.7567211333683,121.96756281778244,2200.0000000000005,2545.949745884434,1745.2452512959908,454.7547487040097,0,505.283054115566,800.7044945884434,0.0,0,2012464.7864934106,97659.97574219671,97659.97574219671,2110124.7622356075,-83528625.81777214,2110124.7622356075
01-06,918.4835532471899,122.46447376629199,2160.0,2557.664756668924,1715.7887610020312,444.21123899796885,0,493.56804333107607,841.8759956668925,0.0,0,1983924.4750139301,103099.9007858191,103099.9007858191,2087024.3757997493,-81491898.5771838,2087024.3757997493
01-07,922.2255689363641,122.96340919151521,2099.9999999999995,2571.3749800947876,1668.1279620853077,431.8720379146919,0,479.857819905212,903.2470180094796,2.7013946635179308e-14,0,1936673.694766364,111066.33267651555,111066.33267651555,2047740.0274428795,-79501617.5861444,2047740.0274428795
01-08,925.9828300606564,123.46437734142084,2040.0,2585.0852035206503,1620.467163168585,419.53283683141495,0,466.14759647935006,964.6180403520649,0.0,0,1889004.9733237391,119095.96572436926,119095.96572436926,2008100.9390481084,-77557782.84465395,2008100.9390481084
01-09,929.7553987318565,123.96738649758086,1960.0000000000002,2603.3655014218007,1556.919431279621,403.0805687203792,0,447.8672985781995,1046.446070142179,0.0,0,1822320.581514439,129725.18442619011,129725.18442619011,1952045.7659406292,-75675876.43589541,1952045.7659406292
01-10,933.5433373148054,124.47244497530738,1900.0,2617.0757248476634,1509.258632362898,390.7413676371021,0,434.1570751523363,1107.8170924847657,0.0,0,1773732.3408981303,137892.702087015,137892.702087015,1911625.0429851452,-73840416.27668582,1911625.0429851452
01-11,937.3467084284262,124.97956112379015,1900.0,2617.0757248476634,1509.258632362898,390.7413676371021,0,434.1570751523363,1107.8170924847657,0.0,0,1780958.7460140097,138454.49402417926,138454.49402417926,1919413.2400381889,-72004956.11747622,1919413.2400381889
01-12,941.1655749467589,125.48874332623451,1960.0000000000002,2603.3655014218007,1556.919431279621,403.0805687203792,0,447.8672985781995,1046.446070142179,0.0,0,1844684.5268956476,131317.2023008187,131317.2023008187,1976001.7291964663,-70123049.70871769,1976001.7291964663
02-01,945.0000000000006,126.00000000000007,2000.0000000000005,2578.9691884712242,1588.6932972241034,411.3067027758972,0,457.0074475287752,990.2758912471218,2.7013946635179308e-14,0,1890000.0000000016,124774.76229713741,124774.76229713741,2014774.762297139,-68212002.44487733,2014774.762297139
02-02,948.8500469755483,126.51333959673977,2040.0,2569.8290395206495,1620.467163168585,419.53283683141495,0,466.1475964793503,949.361876352065,0.0,0,1935654.0958301185,120106.94146312687,120106.94146312687,2055761.0372932453,-66269991.014671,2055761.0372932453
02-03,952.7157795190471,127.02877060253962,2099.9999999999995,2556.1188160947877,1668.1279620853077,431.8720379146919,0,479.85781990521207,887.9908540094798,2.7013946635179308e-14,0,2000703.1369899986,112800.38649112346,112800.38649112346,2113503.523481122,-64281533.33491573,2113503.523481122
02-04,956.5972615354427,127.54630153805904,2160.0,2542.408592668924,1715.7887610020312,444.21123899796885,0,493.5680433310761,826.6198316668927,0.0,0,2066250.0849165563,105432.3023071251,105432.3023071251,2171682.3872236814,-62246629.405611515,2171682.3872236814
02-05,960.4945571900372,128.06594095867163,2200.0000000000005,2529.5777418326616,1744.2409952493958,455.7590047506047,0,506.3988941673383,785.3367465832663,0.0,0,2113088.0258180825,100574.88942060784,100574.88942060784,2213662.9152386906,-60180805.4186596,2213662.9152386906
02-06,964.40773090955,128.58769745460665,2160.0,2542.408592668924,1715.7887610020312,444.21123899796885,0,493.5680433310761,826.6198316668927,0.0,0,2083120.698764628,106293.14082436028,106293.14082436028,2189413.839588988,-58145901.489355385,2189413.839588988
02-07,968.3368473831829,129.11157965109103,2099.9999999999995,2556.1188160947877,1668.1279620853077,431.8720379146919,0,479.85781990521207,887.9908540094798,2.7013946635179308e-14,0,2033507.3795046837,114649.9018768853,114649.9018768853,2148157.281381569,-56157443.809600115,2148157.281381569
02-08,972.2819715636898,129.63759620849194,2040.0,2569.8290395206495,1620.467163168585,419.53283683141495,0,466.1475964793503,949.361876352065,0.0,0,1983455.221989927,123072.99158226525,123072.99158226525,2106528.2135721925,-54215432.379393786,2106528.2135721925
02-09,976.2431686684499,130.16575582245997,1960.0000000000002,2588.109337421801,1556.919431279621,403.0805687203792,0,447.8672985781992,1031.1899061421798,0.0,0,1913436.610590162,134225.6135294884,134225.6135294884,2047662.2241196504,-52335349.28191938,2047662.2241196504
02-10,980.2205041805463,130.6960672240728,1900.0,2601.8195608476644,1509.258632362898,390.7413676371021,0,434.15707515233595,1092.560928484766,0.0,0,1862418.957943038,142793.41655564038,142793.41655564038,2005212.3744986784,-50501712.43399392,2005212.3744986784
02-11,984.214043849848,131.2285391799797,1900.0,2601.8195608476644,1509.258632362898,390.7413676371021,0,434.15707515233595,1092.560928484766,0.0,0,1870006.6833147113,143375.1746101781,143375.1746101781,2013381.8579248893,-48668075.58606846,2013381.8579248893
02-12,988.2238536940974,131.76318049254627,1960.0000000000002,2588.109337421801,1556.919431279621,403.0805687203792,0,447.8672985781992,1031.1899061421798,0.0,0,1936918.7532404312,135872.86172510387,135872.86172510387,2072791.614965535,-46787992.488594055,2072791.614965535
03-01,992.2500000000013,132.3000000000001,2000.0000000000005,2563.7893052912254,1588.6932972241034,411.3067027758972,0,457.00744752877523,975.0960080671214,0.0,0,1984500.000000003,129005.20186728025,129005.20186728025,2113505.2018672833,-44878759.4194814,2113505.2018672833
03-02,996.2925493243264,132.83900657657676,2040.0,2554.64915634065,1620.467163168585,419.53283683141495,0,466.14759647934983,934.1819931720648,0.0,0,2032436.8006216257,124095.80793470351,124095.80793470351,2156532.6085563293,-42938562.18400278,2156532.6085563293
03-03,1000.3515684950003,133.3802091326666,2099.9999999999995,2540.938932914787,1668.1279620853077,431.8720379146919,0,479.85781990521235,872.8109708294793,0.0,0,2100738.2938395003,116415.70982252172,116415.70982252172,2217154.003662022,-40951918.69897522,2217154.003662022
03-04,1004.4271246122157,133.923616614962,2160.0,2526.532162609694,1715.1618688107244,444.83813118927554,0,494.26459021030604,811.3702937989691,1.3506973317589654e-14,0,2169562.589162386,108661.6441595022,108661.6441595022,2278224.2333218884,-38918837.28904563,2278224.2333218884
03-05,1008.5192850495399,134.4692380066052,2200.0000000000005,2513.287597801148,1743.2417604830337,456.75823951696685,0,507.5091550188522,770.0458373181141,0.0,0,2218742.427108988,103547.47697432507,103547.47697432507,2322289.9040833134,-36854840.765891805,2322289.9040833134
03-06,1012.6281174550282,135.01708232733696,2160.0,2526.532162609694,1715.1618688107244,444.83813118927554,0,494.26459021030604,811.3702937989691,1.3506973317589654e-14,0,2187276.7337028612,109548.849755811,109548.849755811,2296825.5834586723,-34821759.35596222,2296825.5834586723
03-07,1016.7536897523428,135.5671586336456,2099.9999999999995,2540.938932914787,1668.1279620853077,431.8720379146919,0,479.85781990521235,872.8109708294793,0.0,0,2135182.7484799195,118324.50333962623,118324.50333962623,2253507.251819546,-32835115.87093466,2253507.251819546
03-08,1020.896070141875,136.11947601891654,2040.0,2554.64915634065,1620.467163168585,419.53283683141495,0,466.14759647934983,934.1819931720648,0.0,0,2082627.9830894251,127160.36341688853,127160.36341688853,2209788.346506314,-30894918.635456044,2209788.346506314
03-09,1025.0553271018732,136.67404361358297,1960.0000000000002,2572.9294542418,1556.919431279621,403.0805687203792,0,447.8672985781994,1016.0100229621792,0.0,0,2009108.4411196718,138862.1981901703,138862.1981901703,2147970.639309842,-29016649.73270935,2147970.639309842
03-10,1029.2315293895745,137.23087058527645,1900.0,2586.639677667664,1509.258632362898,390.7413676371021,0,434.15707515233595,1077.3810453047656,1.3506973317589654e-14,0,1955539.9058401915,147849.93879924816,147849.93879924816,2103389.8446394396,-27184827.079511594,2103389.8446394396
03-11,1033.4247460423412,137.78996613897868,1900.0,2586.639677667664,1509.258632362898,390.7413676371021,0,434.15707515233595,1077.3810453047656,1.3506973317589654e-14,0,1963507.0174804484,148452.2977513211,148452.2977513211,2111959.3152317693,-25353004.42631384,2111959.3152317693
03-12,1037.635046378803,138.35133951717359,1960.0000000000002,2572.9294542418,1556.919431279621,403.0805687203792,0,447.8672985781994,1016.0100229621792,0.0,0,2033764.6909024543,140566.34763969178,140566.34763969178,2174331.038542146,-23474735.523567148,2174331.038542146
04-01,1041.862500000002,138.9150000000001,2000.0000000000005,2548.685321527125,1588.6932972241034,411.3067027758972,0,457.0074475287751,959.9920243030219,8.104183990553792e-14,0,2083725.0000000044,133357.2920560544,133357.2920560544,2217082.292056059,-21567307.578208566,2217082.292056059
04-02,1046.1071767905432,139.4809569054056,2040.0,2539.54517257655,1620.467163168585,419.53283683141495,0,466.1475964793501,919.0780094079652,5.4027893270358616e-14,0,2134058.6406527082,128193.88022293836,128193.88022293836,2262252.5208756467,-19628915.466484025,2262252.5208756467
04-03,1050.3691469197508,140.04921958929995,2099.9999999999995,2525.834949150688,1668.1279620853077,431.8720379146919,0,479.8578199052123,857.7069870653798,2.7013946635179308e-14,0,2205775.208531476,120121.19417479624,120121.19417479624,2325896.4027062724,-17644077.105210543,2325896.4027062724
04-04,1054.648480842827,140.6197974457101,2160.0,2510.323469298338,1714.167630218194,445.8323697818058,0,495.36929975756203,796.155839080144,0.0,0,2278040.718620506,111955.27282666921,111955.27282666921,2389995.9914471754,-15612814.021760058,2389995.9914471754
04-05,1058.9452493020174,141.19269990693547,2200.0000000000005,2497.0789044897924,1742.2475218905033,457.7524781094971,0,508.61386456610774,754.8313825992892,0.0,0,2329679.548464439,106576.68088367864,106576.68088367864,2436256.2293481175,-13550635.825085336,2436256.2293481175
04-06,1063.2595233277802,141.76793644370383,2160.0,2510.323469298338,1714.167630218194,445.8323697818058,0,495.36929975756203,796.155839080144,0.0,0,2296640.570388005,112869.37039399755,112869.37039399755,2409509.9407820026,-11519372.741634851,2409509.9407820026
04-07,1067.5913742399605,142.34551656532787,2099.9999999999995,2525.834949150688,1668.1279620853077,431.8720379146919,0,479.8578199052123,857.7069870653798,2.7013946635179308e-14,0,2241941.8859039163,122090.74413551249,122090.74413551249,2364032.630039429,-9534534.380361369,2364032.630039429
04-08,1071.9408736489693,142.9254498198624,2040.0,2539.54517257655,1620.467163168585,419.53283683141495,0,466.1475964793501,919.0780094079652,5.4027893270358616e-14,0,2186759.3822438973,131359.63791417715,131359.63791417715,2318119.0201580743,-7596142.268636826,2318119.0201580743
04-09,1076.3080934569673,143.50774579426212,1960.0000000000002,2557.8254704777005,1556.919431279621,403.0805687203792,0,447.86729857819984,1000.906039198079,0.0,0,2109563.863175656,143637.7694371797,143637.7694371797,2253201.632612836,-5719678.489644205,2253201.632612836
04-10,1080.6931058590535,144.09241411454028,1900.0,2571.5356939035646,1509.258632362898,390.7413676371021,0,434.15707515233544,1062.2770615406666,0.0,0,2053316.9011322015,153066.06625589472,153066.06625589472,2206382.9673880963,-3889660.960200526,2206382.9673880963
04-11,1085.0959833444588,144.67946444592764,1900.0,2571.5356939035646,1509.258632362898,390.7413676371021,0,434.15707515233544,1062.2770615406666,0.0,0,2061682.3683544716,153689.67635689737,153689.67635689737,2215372.044711369,-2059643.4307568462,2215372.044711369
04-12,1089.5167986977438,145.2689064930323,1960.0000000000002,2557.8254704777005,1556.919431279621,403.0805687203792,0,447.86729857819984,1000.906039198079,0.0,0,2135452.925447578,145400.52581657705,145400.52581657705,2280853.451264155,-183179.65176422545,2280853.451264155
05-01,1093.9556250000026,145.86075000000014,2000.0000000000005,2533.656857681845,1588.6932972241034,411.3067027758972,0,457.00744752877523,944.963560457742,0.0,0,2187911.2500000056,137833.09365103673,137833.09365103673,2325744.3436510423,1722452.1954590534,2325744.3436510423
05-02,1098.412535630071,146.45500475067593,2040.0,2524.5167087312702,1620.467163168585,419.53283683141495,0,466.1475964793503,904.0495455626852,0.0,0,2240761.572685345,132402.58049022948,132402.58049022948,2373164.1531755747,3659048.209048293,2373164.1531755747
05-03,1102.887604265739,147.051680568765,2099.9999999999995,2510.806485305408,1668.1279620853077,431.8720379146919,0,479.857819905212,842.6785232201001,0.0,0,2316063.9689580514,123917.29301872078,123917.29301872078,2439981.261976772,5642090.472186473,2439981.261976772
05-04,1107.380904884969,147.65078731799565,2160.0,2494.195819453539,1713.1783628186267,446.8216371813734,0,496.4684857570816,781.017456634912,1.3506973317589654e-14,0,2391942.7545515327,115317.84238124329,115317.84238124329,2507260.596932776,7671544.320790249,2507260.596932776
05-05,1111.8925117671188,148.2523349022823,2200.0000000000005,2480.951254644993,1741.2582544909355,458.7417455090648,0,509.71305056562784,739.693000154057,0.0,0,2446163.5258876616,109661.21438371322,109661.21438371322,2555824.740271375,9731913.282618262,2555824.740271375
05-06,1116.4224994941696,148.8563332658891,2160.0,2494.195819453539,1713.1783628186267,446.8216371813734,0,496.4684857570816,781.017456634912,1.3506973317589654e-14,0,2411472.5989074064,116259.39481132355,116259.39481132355,2527731.99371873,11761367.131222038,2527731.99371873
05-07,1120.970942951959,149.46279239359436,2099.9999999999995,2510.806485305408,1668.1279620853077,431.8720379146919,0,479.857819905212,842.6785232201001,0.0,0,2354038.980199113,125949.0851705865,125949.0851705865,2479988.0653696996,13744409.394360218,2479988.0653696996
05-08,1125.5379173314182,150.0717223108556,2040.0,2524.5167087312702,1620.467163168585,419.53283683141495,0,466.1475964793503,904.0495455626852,0.0,0,2296097.351356093,135672.27235693848,135672.27235693848,2431769.6237130314,15681005.407949457,2431769.6237130314
05-09,1130.1234981298162,150.68313308397532,1960.0000000000002,2542.7970066324206,1556.919431279621,403.0805687203792,0,447.8672985781999,985.8775753527991,0.0,0,2215042.05633444,148555.12189139274,148555.12189139274,2363597.178225833,17555673.088806774,2363597.178225833
05-10,1134.7277611520067,151.29703482026738,1900.0,2556.5072300582847,1509.258632362898,390.7413676371021,0,434.15707515233595,1047.2485976953863,1.3506973317589654e-14,0,2155982.746188813,158445.60755099505,158445.60755099505,2314428.353739808,19383894.520115152,2314428.353739808
05-11,1139.3507825116822,151.9134376682241,1900.0,2556.5072300582847,1509.258632362898,390.7413676371021,0,434.15707515233595,1047.2485976953863,1.3506973317589654e-14,0,2164766.486772196,159091.13456913317,159091.13456913317,2323857.621341329,21212115.95142353,2323857.621341329
05-12,1143.9926386326313,152.532351817684,1960.0000000000002,2542.7970066324206,1556.919431279621,403.0805687203792,0,447.8672985781999,985.8775753527991,0.0,0,2242225.5717199575,150378.22517287842,150378.22517287842,2392603.7968928358,23086783.63228085,2392603.7968928358
06-01,1148.6534062500032,153.15378750000025,2000.0000000000005,2518.7035361557923,1588.6932972241034,411.3067027758972,0,457.0074475287751,930.0102389316887,5.4027893270358616e-14,0,2297306.812500007,142434.59050616832,142434.59050616832,2439741.4030061755,24990628.3618595,2439741.4030061755
06-02,1153.333162411575,153.77775498820984,2040.0,2509.5633872052167,1620.467163168585,419.53283683141495,0,466.1475964793503,889.0962240366318,0.0,0,2352799.6513196127,136723.22130084768,136723.22130084768,2489522.8726204606,26925437.257804114,2489522.8726204606
06-03,1158.0319844790263,154.40426459720334,2099.9999999999995,2495.8531637793553,1668.1279620853077,431.8720379146919,0,479.857819905212,827.7252016940472,0.0,0,2431867.1674059546,127804.30105614116,127804.30105614116,2559671.4684620956,28906692.403297666,2559671.4684620956
06-04,1162.7499501292177,155.03332668389552,2160.0,2478.148807857963,1712.1940417560568,447.8059582439432,0,497.5621758266036,765.9547661019063,1.3506973317589654e-14,0,2511539.8922791104,118748.51547816362,118748.51547816362,2630288.407757274,30934346.063228965,2630288.407757274
06-05,1167.4871373554752,155.66495164739652,2200.0000000000005,2464.9042430494173,1740.273933428366,459.72606657163453,0,510.8067406351498,724.6303096210517,0.0,0,2568471.7021820457,112799.54210939897,112799.54210939897,2681271.244291445,32992914.8363845,2681271.244291445
06-06,1172.2436244688786,156.29914992918364,2160.0,2478.148807857963,1712.1940417560568,447.8059582439432,0,497.5621758266036,765.9547661019063,1.3506973317589654e-14,0,2532046.2288527777,119718.07882593464,119718.07882593464,2651764.3076787125,35020568.4963158,2651764.3076787125
06-07,1177.0194900995573,156.93593201327414,2099.9999999999995,2495.8531637793553,1668.1279620853077,431.8720379146919,0,479.857819905212,827.7252016940472,0.0,0,2471740.92920907,129899.82597873062,129899.82597873062,2601640.7551878006,37001823.64180935,2601640.7551878006
06-08,1181.8148131979895,157.57530842639844,2040.0,2509.5633872052167,1620.467163168585,419.53283683141495,0,466.1475964793503,889.0962240366318,0.0,0,2410902.2189238984,140099.6117233185,140099.6117233185,2551001.830647217,38936632.53775396,2551001.830647217
06-09,1186.6296730363074,158.21728973817414,1960.0000000000002,2527.843685106368,1556.919431279621,403.0805687203792,0,447.86729857819955,970.9242538267463,0.0,0,2325794.159151163,153617.00398152685,153617.00398152685,2479411.16313269,40809513.100966655,2479411.16313269
06-10,1191.4641492096075,158.8618865612808,1900.0,2541.553908532231,1509.258632362898,390.7413676371021,0,434.1570751523359,1032.2952761693332,6.753486658794827e-14,0,2263781.883498254,163992.37506055867,163992.37506055867,2427774.258558813,42635947.414630406,2427774.258558813
06-11,1196.3183216372668,159.50910955163536,1900.0,2541.553908532231,1509.258632362898,390.7413676371021,0,434.1570751523359,1032.2952761693332,6.753486658794827e-14,0,2273004.8111108067,164660.50029612985,164660.50029612985,2437665.3114069365,44462381.72829416,2437665.3114069365
06-12,1201.1922705642635,160.15896940856825,1960.0000000000002,2527.843685106368,1556.919431279621,403.0805687203792,0,447.86729857819955,970.9242538267463,0.0,0,2354336.850305957,155502.2278666748,155502.2278666748,2509839.0781726316,46335262.29150685,2509839.0781726316
07-01,1206.0860765625039,160.81147687500032,2000.0000000000005,2503.82498123737,1588.6932972241034,411.3067027758972,0,457.0074475287749,915.1316840132667,8.104183990553792e-14,0,2412172.153125008,147163.67764127956,147163.67764127956,2559335.8307662876,48237328.839029096,2559335.8307662876
07-02,1210.9998205321542,161.4666427376204,2040.0,2494.6848322867945,1620.467163168585,419.53283683141495,0,466.1475964793505,874.2176691182093,0.0,0,2470439.6338855946,141156.99205442512,141156.99205442512,2611596.6259400197,50170359.5529173,2611596.6259400197
07-03,1215.9335837029782,162.12447782706357,2099.9999999999995,2480.974608860933,1668.1279620853077,431.8720379146919,0,479.85781990521195,812.8466467756247,2.7013946635179308e-14,0,2553460.5257762535,131782.33816197774,131782.33816197774,2685242.8639382315,52149836.51635445,2685242.8639382315
07-04,1220.8874476356793,162.78499301809038,2160.0,2462.1820313203675,1711.2146422987998,448.78535770120016,0,498.65039744577746,750.9673890215677,0.0,0,2637116.8868930675,122246.22117868945,122246.22117868945,2759363.108071757,54175698.98855664,2759363.108071757
07-05,1225.8614942232496,163.4481992297664,2200.0000000000005,2448.937466511821,1739.294533971109,460.7054660288914,0,511.894962254324,709.6429325407121,0.0,0,2696895.2872911496,115989.85941990999,115989.85941990999,2812885.1467110594,56232476.573983066,2812885.1467110594
07-06,1230.8558056923232,164.11410742564289,2160.0,2462.1820313203675,1711.2146422987998,448.78535770120016,0,498.65039744577746,750.9673890215677,0.0,0,2658648.540295418,123244.34275504011,123244.34275504011,2781892.883050458,58258339.046185255,2781892.883050458
07-07,1235.870464604536,164.7827286139379,2099.9999999999995,2480.974608860933,1668.1279620853077,431.8720379146919,0,479.85781990521195,812.8466467756247,2.7013946635179308e-14,0,2595327.975669525,133943.0884003772,133943.0884003772,2729271.0640699025,60237816.0096224,2729271.0640699025
07-08,1240.9055538578898,165.45407384771843,2040.0,2494.6848322867945,1620.467163168585,419.53283683141495,0,466.1475964793505,874.2176691182093,0.0,0,2531447.329870095,144642.8747852645,144642.8747852645,2676090.2046553595,62170846.72351061,2676090.2046553595
07-09,1245.9611566881235,166.12815422508294,1960.0000000000002,2512.9651301879453,1556.919431279621,403.0805687203792,0,447.8672985781995,956.0456989083243,0.0,0,2442083.867108722,158826.10731446932,158826.10731446932,2600909.9744231915,64041949.104666896,2600909.9744231915
07-10,1251.0373566700887,166.80498088934496,1900.0,2526.6753536138085,1509.258632362898,390.7413676371021,0,434.1570751523357,1017.4167212509113,5.4027893270358616e-14,0,2376970.9776731683,169710.17674475827,169710.17674475827,2546681.1544179264,65866605.23627424,2546681.1544179264
07-11,1256.1342377191309,167.48456502921724,1900.0,2526.6753536138085,1509.258632362898,390.7413676371021,0,434.1570751523357,1017.4167212509113,5.4027893270358616e-14,0,2386655.0516663487,170401.59701216125,170401.59701216125,2557056.64867851,67691261.3678816,2557056.64867851
07-12,1261.2518840924774,168.16691787899677,1960.0000000000002,2512.9651301879453,1556.919431279621,403.0805687203792,0,447.8672985781995,956.0456989083243,0.0,0,2472053.692821256,160775.25853688424,160775.25853688424,2632828.95135814,69562363.74903789,2632828.95135814
08-01,1266.3903803906298,168.85205071875043,2000.0000000000005,2489.020819093538,1588.6932972241034,411.3067027758972,0,457.00744752877546,900.327521869435,2.7013946635179308e-14,0,2532780.76078126,152022.14838618474,152022.14838618474,2684802.909167445,71462661.00541402,2684802.909167445
08-02,1271.5498115587627,169.5399748745015,2040.0,2479.8806701429626,1620.467163168585,419.53283683141495,0,466.1475964793503,859.4135069743787,0.0,0,2593961.615579876,145704.9443792434,145704.9443792434,2739666.5599591197,73393922.42815611,2739666.5599591197
08-03,1276.7302628881278,170.23070171841684,2099.9999999999995,2466.161935878277,1668.1203023303656,431.8796976696339,0,479.8663307440363,798.0416335479113,2.7013946635179308e-14,0,2681133.552065068,135851.1872793726,135851.1872793726,2816984.7393444404,75371629.99873148,2816984.7393444404
08-04,1281.931820017464,170.924242668995,2160.0,2446.295088665458,1710.2401398388292,449.7598601611708,0,499.7331779568558,736.0549488266286,0.0,0,2768972.731237722,125809.63469095735,125809.63469095735,2894782.3659286792,77395710.2391432,2894782.3659286792
08-05,1287.1545689344127,171.62060919125483,2200.0000000000005,2433.0505238569112,1738.3200315111385,461.6799684888621,0,512.9777427654024,694.7304923457732,0.0,0,2831740.051655709,119230.070320122,119230.070320122,2950970.1219758308,79450705.59277914,2950970.1219758308
08-06,1292.39859597694,172.31981279692513,2160.0,2446.295088665458,1710.2401398388292,449.7598601611708,0,499.7331779568558,736.0549488266286,0.0,0,2791580.96731019,126836.85099005494,126836.85099005494,2918417.8183002453,81474785.83319086,2918417.8183002453
08-07,1297.6639878347635,173.02186504463492,2099.9999999999995,2466.161935878277,1668.1203023303656,431.8796976696339,0,479.8663307440363,798.0416335479113,2.7013946635179308e-14,0,2725094.3744530026,138078.65181972669,138078.65181972669,2863173.026272729,83452493.40376623,2863173.026272729
08-08,1302.950831550785,173.72677754010445,2040.0,2479.8806701429626,1620.467163168585,419.53283683141495,0,466.1475964793503,859.4135069743787,0.0,0,2658019.6963636014,149303.1391410989,149303.1391410989,2807322.8355047004,85383754.82650831,2807322.8355047004
08-09,1308.2592145225306,174.4345619363372,1960.0000000000002,2498.1609680441143,1556.919431279621,403.0805687203792,0,447.8672985781995,941.2415367644929,0.0,0,2564188.06046416,164185.05514179915,164185.05514179915,2728373.115605959,87253087.91651848,2728373.115605959
08-10,1313.5892245035939,175.14522993381232,1900.0,2511.8711914699775,1509.258632362898,390.7413676371021,0,434.15707515233584,1002.6125591070798,0.0,0,2495819.5265568285,175602.8071993375,175602.8071993375,2671422.333756166,89075974.7569797,2671422.333756166
08-11,1318.9409496050882,175.8587932806782,1900.0,2511.8711914699775,1509.258632362898,390.7413676371021,0,434.15707515233584,1002.6125591070798,0.0,0,2505987.8042496676,176318.23477262372,176318.23477262372,2682306.039022291,90898861.59744093,2682306.039022291
08-12,1324.3144782971021,176.57526377294673,1960.0000000000002,2498.1609680441143,1556.919431279621,403.0805687203792,0,447.8672985781995,941.2415367644929,0.0,0,2595656.3774623205,166199.97262824408,166199.97262824408,2761856.3500905647,92768194.6874511,2761856.3500905647
09-01,1329.7098994101623,177.29465325468806,2000.0000000000005,2474.290677760427,1588.6932972241034,411.3067027758972,0,457.0074475287748,885.5973805363242,2.7013946635179308e-14,0,2659419.798820325,157011.6805054476,157011.6805054476,2816431.4793257727,94666731.49913684,2816431.4793257727
09-02,1335.127302136702,178.01697361822667,2040.0,2465.1505288098515,1620.467163168585,419.53283683141495,0,466.14759647935034,844.6833656412667,0.0,0,2723659.696358872,150367.9764171163,150367.9764171163,2874027.6727759885,96596232.47718853,2874027.6727759885
09-03,1340.5667760325352,178.74223680433778,2099.9999999999995,2450.354427936643,1667.1506723826947,432.84932761730477,0,480.94369735255935,783.2037555539471,2.7013946635179308e-14,0,2815190.2296683234,139991.5911412703,139991.5911412703,2955181.820809594,98572166.72713238,2955181.820809594
09-04,1346.0284110183381,179.47045480244483,2160.0,2430.4875807238227,1709.2705098911583,450.72949010884156,0,500.8105445653799,721.2170708326637,0.0,0,2907421.3677996104,129437.15571362522,129437.15571362522,3036858.5235132356,100594473.64691259,3036858.5235132356
09-05,1351.5122973811344,180.20163965081767,2200.0000000000005,2417.2430159152777,1737.3504015634676,462.6495984365329,0,514.055109373925,679.8926143518095,0.0,0,2973327.0542384963,122517.76389267712,122517.76389267712,3095844.8181311735,102647695.67991704,3095844.8181311735
09-06,1357.0185257757882,180.9358034367715,2160.0,2430.4875807238227,1709.2705098911583,450.72949010884156,0,500.8105445653799,721.2170708326637,0.0,0,2931160.0156757026,130493.99016342295,130493.99016342295,3061654.0058391257,104670002.59969725,3061654.0058391257
09-07,1362.5471872265027,181.67295829686677,2099.9999999999995,2450.354427936643,1667.1506723826947,432.84932761730477,0,480.94369735255935,783.2037555539471,2.7013946635179308e-14,0,2861349.093175655,142286.94322070165,142286.94322070165,3003636.0363963568,106645936.8496411,3003636.0363963568
09-08,1368.0983731283254,182.4131164171098,2040.0,2465.1505288098515,1620.467163168585,419.53283683141495,0,466.14759647935034,844.6833656412667,0.0,0,2790920.681181784,154081.3251123165,154081.3251123165,2945002.0062941,108575437.82769279,2945002.0062941
09-09,1373.672175248658,183.15629003315416,1960.0000000000002,2483.4308267110027,1556.919431279621,403.0805687203792,0,447.8672985781999,926.5113954313811,0.0,0,2692397.46348737,169696.38986065242,169696.38986065242,2862093.8533480223,110443010.47301257,2862093.8533480223
09-10,1379.2686857287745,183.90249143050303,1900.0,2497.141050136866,1509.258632362898,390.7413676371021,0,434.15707515233566,987.8824177739684,1.3506973317589654e-14,0,2620610.5028846716,181674.03786902185,181674.03786902185,2802284.5407536933,112264136.8687834,2802284.5407536933
09-11,1384.8879970853434,184.65173294471222,1900.0,2497.141050136866,1509.258632362898,390.7413676371021,0,434.15707515233566,987.8824177739684,1.3506973317589654e-14,0,2631287.1944621527,182414.20038757546,182414.20038757546,2813701.3948497283,114085263.26455423,2813701.3948497283
09-12,1390.5302022119579,185.40402696159416,1960.0000000000002,2483.4308267110027,1556.919431279621,403.0805687203792,0,447.8672985781999,926.5113954313811,0.0,0,2725439.1963354377,171778.943738784,171778.943738784,2897218.140074222,115952835.909874,2897218.140074222
10-01,1396.195394380671,186.15938591742255,2000.0000000000005,2459.634187133981,1588.6932972241034,411.3067027758972,0,457.0074475287748,870.940889909878,2.7013946635179308e-14,0,2792390.7887613424,162133.8212359964,162133.8212359964,2954524.6099973386,117849621.0790928,2954524.6099973386
10-02,1401.8836672435375,186.9178222991381,2040.0,2450.4940381834053,1620.467163168585,419.53283683141495,0,466.1475964793505,830.0268750148203,0.0,0,2859842.6811768166,155146.8159275291,155146.8159275291,3014989.497104346,119777370.41467756,3014989.497104346
10-03,1407.5951148341626,187.67934864455478,2099.9999999999995,2434.625957534716,1666.1858905847625,433.8141094152371,0,482.0156771280397,768.4400669499532,2.7013946635179308e-14,0,2955949.741151741,144220.3312375453,144220.3312375453,3100170.072389286,121751540.21059306,3100170.072389286
10-04,1413.3298315692557,188.44397754256718,2160.0,2414.759110321896,1708.305728093226,451.694271906774,0,501.88252434085956,706.4533822286702,0.0,0,3052792.4361895924,133126.88529557016,133126.88529557016,3185919.3214851627,123772082.6763449,3185919.3214851627
10-05,1419.0879122501917,189.21172163335865,2200.0000000000005,2401.5145455133497,1736.3856197655352,463.6143802344653,0,515.127089149406,665.1289257478151,0.0,0,3121993.4069504226,125850.18914889045,125850.18914889045,3247843.596099313,125823540.25532098,3247843.596099313
10-06,1424.8694520645781,189.98259360861016,2160.0,2414.759110321896,1708.305728093226,451.694271906774,0,501.88252434085956,706.4533822286702,0.0,0,3077718.016459489,134213.84581937757,134213.84581937757,3211931.8622788666,127844082.72107282,3211931.8622788666
10-07,1430.6745465878284,190.7566062117102,2099.9999999999995,2434.625957534716,1666.1858905847625,433.8141094152371,0,482.0156771280397,768.4400669499532,2.7013946635179308e-14,0,3004416.547834439,146585.01924847244,146585.01924847244,3151001.5670829117,129818252.51698832,3151001.5670829117
10-08,1436.5032917847423,191.53377223796537,2040.0,2450.4940381834053,1620.467163168585,419.53283683141495,0,466.1475964793505,830.0268750148203,0.0,0,2930466.7152408743,158978.17843047876,158978.17843047876,3089444.893671353,131746001.85257308,3089444.893671353
10-09,1442.3557840110916,192.31410453481195,1960.0000000000002,2468.774336084556,1556.919431279621,403.0805687203792,0,447.86729857819995,911.8549048049349,0.0,0,2827017.3366617397,175362.55948323724,175362.55948323724,3002379.896144977,133611822.85542592,3002379.896144977
10-10,1448.232120015214,193.09761600202825,1900.0,2482.4845595104207,1509.258632362898,390.7413676371021,0,434.1570751523357,973.2259271475222,0.0,0,2751641.0280289063,187927.60636355015,187927.60636355015,2939568.6343924566,135431197.6087298,2939568.6343924566
10-11,1454.1323969396115,193.8843195919479,1900.0,2482.4845595104207,1509.258632362898,390.7413676371021,0,434.1570751523357,973.2259271475222,0.0,0,2762851.554185262,188693.24669424,188693.24669424,2951544.8008795017,137250572.3620337,2951544.8008795017
10-12,1460.0567123225567,194.67422830967394,1960.0000000000002,2468.774336084556,1556.919431279621,403.0805687203792,0,447.86729857819995,911.8549048049349,0.0,0,2861711.1561522116,177514.6499232919,177514.6499232919,3039225.8060755036,139116393.36488652,3039225.8060755036
11-01,1466.0051640997053,195.46735521329376,2000.0000000000005,2445.050978960667,1588.6932972241034,411.3067027758972,0,457.0074475287752,856.3576817365641,0.0,0,2932010.3281994113,167389.97116563373,167389.97116563373,3099400.299365045,141011435.64985073,3099400.299365045
11-02,1471.9778506057153,196.26371341409506,2040.0,2435.9108300100925,1620.467163168585,419.53283683141495,0,466.1475964793504,815.4436668415071,0.0,0,3002834.815235659,160042.00213432038,160042.00213432038,3162876.8173699793,142937442.10118088,3162876.8173699793
11-03,1477.9748705758716,197.06331607678257,2099.9999999999995,2418.9761294848,1665.2259326958197,434.77406730417994,0,483.08229700464307,753.7501967889791,0.0,0,3103747.22820933,148536.51327276367,148536.51327276367,3252283.7414820935,144909856.26533815,3252283.7414820935
11-04,1483.9963231477193,197.8661764196956,2160.0,2399.10928227198,1707.3457702042833,452.6542297957168,0,502.94914421746296,691.7635120676961,5.4027893270358616e-14,0,3205432.0579990735,136876.60111949497,136876.60111949497,3342308.6591185685,146928643.0993318,3342308.6591185685
11-05,1490.042307862702,198.67230771502665,2200.0000000000005,2385.864717463433,1735.4256618765924,464.5743381234081,0,516.1937090260091,650.439055586841,0.0,0,3278093.077297945,129224.2282014202,129224.2282014202,3407317.305499365,148978345.04654968,3407317.305499365
11-06,1496.1129246678079,199.48172328904073,2160.0,2399.10928227198,1707.3457702042833,452.6542297957168,0,502.94914421746296,691.7635120676961,5.4027893270358616e-14,0,3231603.917282465,137994.17749574315,137994.17749574315,3369598.094778208,150997131.88054332,3369598.094778208
11-07,1502.2082739172206,200.29443652229577,2099.9999999999995,2418.9761294848,1665.2259326958197,434.77406730417994,0,483.08229700464307,753.7501967889791,0.0,0,3154637.3752261624,150971.9709444181,150971.9709444181,3305609.3461705805,152969546.0447006,3305609.3461705805
11-08,1508.32845637398,201.1104608498637,2040.0,2435.9108300100925,1620.467163168585,419.53283683141495,0,466.1475964793504,815.4436668415071,0.0,0,3076990.051002919,163994.25163559822,163994.25163559822,3240984.302638517,154895552.49603075,3240984.302638517
11-09,1514.473573211647,201.9298097615526,1960.0000000000002,2454.1911279112433,1556.919431279621,403.0805687203792,0,447.8672985781992,897.2716966316219,0.0,0,2968368.203494828,181185.90300524895,181185.90300524895,3149554.106500077,156759630.61462897,3149554.106500077
11-10,1520.6437260159753,202.75249680212974,1900.0,2467.9013513371065,1509.258632362898,390.7413676371021,0,434.15707515233595,958.6427189742086,1.3506973317589654e-14,0,2889223.079430353,194367.2048132032,194367.2048132032,3083590.284243556,158577262.48367825,3083590.284243556
11-11,1526.8390167865925,203.5785355715454,1900.0,2467.9013513371065,1509.258632362898,390.7413676371021,0,434.15707515233595,958.6427189742086,1.3506973317589654e-14,0,2900994.1318945256,195159.0808650939,195159.0808650939,3096153.2127596196,160394894.35272753,3096153.2127596196
11-12,1533.059547938685,204.40793972515772,1960.0000000000002,2454.1911279112433,1556.919431279621,403.0805687203792,0,447.8672985781992,897.2716966316219,0.0,0,3004796.713959823,183409.45888216657,183409.45888216657,3188206.1728419894,162258972.47132576,3188206.1728419894
12-01,1539.305422304691,205.24072297395855,2000.0000000000005,2430.5406868282193,1588.6932972241034,411.3067027758972,0,457.00744752877546,841.8473896041162,2.7013946635179308e-14,0,3078610.844609383,172781.36687608858,172781.36687608858,3251392.2114854716,164152280.58645663,3251392.2114854716
12-02,1545.5767431360016,206.07689908479995,2040.0,2421.4005378776446,1620.467163168585,419.53283683141495,0,466.1475964793503,800.9333747090598,0.0,0,3152976.5559974434,165053.86623356718,165053.86623356718,3318030.4222310106,166076552.86795345,3318030.4222310106
12-03,1551.8736141046656,206.91648188062183,2099.9999999999995,2403.4045505751315,1664.2707745963216,435.72922540367796,0,484.1435837818631,739.1337759788098,2.7013946635179308e-14,0,3258934.589619797,152938.96056467498,152938.96056467498,3411873.550184472,168047220.1785113,3411873.550184472
12-04,1558.1961393051058,207.7594852406805,2160.0,2383.5377033623117,1706.390612104785,453.60938789521487,0,504.0104309946834,677.1470912575262,0.0,0,3365703.6608990286,140683.73111188776,140683.73111188776,3506387.3920109165,170064260.1589055,3506387.3920109165
12-05,1564.5444232558377,208.6059231007781,2200.0000000000005,2370.293138553766,1734.4705037770943,465.5294962229061,0,517.2549958032291,635.8226347766716,0.0,0,3441997.7311628438,132636.36765595648,132636.36765595648,3574634.0988188004,172112215.25252396,3574634.0988188004
12-06,1570.9185709011988,209.45580945349292,2160.0,2383.5377033623117,1706.390612104785,453.60938789521487,0,504.0104309946834,677.1470912575262,0.0,0,3393184.1131465896,141832.3921184234,141832.3921184234,3535016.505265013,174129255.23291817,3535016.505265013
12-07,1577.3186876130821,210.3091583484107,2099.9999999999995,2403.4045505751315,1664.2707745963216,435.72922540367796,0,484.1435837818631,739.1337759788098,2.7013946635179308e-14,0,3312369.243987472,155446.60233298625,155446.60233298625,3467815.846320458,176099922.54347602,3467815.846320458
12-08,1583.7448791926797,211.16598389235702,2040.0,2421.4005378776446,1620.467163168585,419.53283683141495,0,466.1475964793503,800.9333747090598,0.0,0,3230839.5535530667,169129.88410266445,169129.88410266445,3399969.437655731,178024194.82497284,3399969.437655731
12-09,1590.1972518722298,212.02630024963037,1960.0000000000002,2439.680835778796,1556.919431279621,403.0805687203792,0,447.86729857819944,882.7614044991744,0.0,0,3116786.6136695705,187168.63459912737,187168.63459912737,3303955.248268698,179886538.77373773,3303955.248268698
12-10,1596.6759123167747,212.89012164223635,1900.0,2453.391059204659,1509.258632362898,390.7413676371021,0,434.15707515233566,944.132426841761,0.0,0,3033684.2334018718,200996.4671967223,200996.4671967223,3234680.7005985943,181702436.47295368,3234680.7005985943
12-11,1603.180967625923,213.75746235012278,1900.0,2453.391059204659,1509.258632362898,390.7413676371021,0,434.15707515233566,944.132426841761,0.0,0,3046043.8384892535,201815.35168415777,201815.35168415777,3247859.1901734113,183518334.17216963,3247859.1901734113
12-12,1609.71252533562,214.62833671141573,1960.0000000000002,2439.680835778796,1556.919431279621,403.0805687203792,0,447.86729857819944,882.7614044991744,0.0,0,3155036.5496578156,189465.61196069108,189465.61196069108,3344502.1616185065,185380678.12093452,3344502.1616185065
13-01,1616.2706934199266,215.50275912265658,2000.0000000000005,2416.1029461564344,1588.6932972241034,411.3067027758972,0,457.00744752877546,827.409648932331,2.7013946635179308e-14,0,3232541.386839854,178309.06226962598,178309.06226962598,3410850.4491094803,187272260.73708123,3410850.4491094803
13-02,1622.8555802928026,216.38074403904005,2040.0,2406.9627972058597,1620.467163168585,419.53283683141495,0,466.1475964793503,786.4956340372747,0.0,0,3310625.3837973173,170182.51047644205,170182.51047644205,3480807.8942737593,189194807.5195939,3480807.8942737593
13-03,1629.4672948099,217.26230597465303,2099.9999999999995,2387.9108295600126,1663.320392287321,436.67960771267855,0,485.1995641251978,724.5904372726906,2.7013946635179308e-14,0,3421881.3191007893,157426.18928904695,157426.18928904695,3579307.508389836,191163736.71082032,3579307.508389836
13-04,1636.1059462703622,218.14745950271464,2160.0,2368.043982347193,1705.4402297957845,454.55977020421545,0,505.0664113380168,662.6037525514083,0.0,0,3533988.8439439824,144545.3252760551,144545.3252760551,3678534.1692200373,193179038.5718831,3678534.1692200373
13-05,1642.7716444186308,219.03621925581712,2200.0000000000005,2354.799417538646,1733.5201214680937,466.4798785319067,0,518.3109761465629,621.2792960705533,0.0,0,3614097.6177209886,136082.66811320942,136082.66811320942,3750180.285834198,195225255.54617012,3750180.285834198
13-06,1649.4644994462599,219.92859992616766,2160.0,2368.043982347193,1705.4402297957845,454.55977020421545,0,505.0664113380168,662.6037525514083,0.0,0,3562843.3188039213,145725.51560445607,145725.51560445607,3708568.8344083773,197240557.4072329,3708568.8344083773
13-07,1656.1846219937374,220.82461626583134,2099.9999999999995,2387.9108295600126,1663.320392287321,436.67960771267855,0,485.1995641251978,724.5904372726906,2.7013946635179308e-14,0,3477987.7061868478,160007.40526063283,160007.40526063283,3637995.1114474805,199209486.59845933,3637995.1114474805
13-08,1662.9321231523147,221.724283086975,2040.0,2406.9627972058597,1620.467163168585,419.53283683141495,0,466.1475964793503,786.4956340372747,0.0,0,3392381.531230722,174385.18060795058,174385.18060795058,3566766.711838673,201132033.380972,3566766.711838673
13-09,1669.7071144658423,222.62761526211202,1960.0000000000002,2425.2430951070105,1556.919431279621,403.0805687203792,0,447.8672985781995,868.3236638273889,0.0,0,3272625.9443530515,193312.82655355145,193312.82655355145,3465938.770906603,202992651.83075273,3465938.770906603
13-10,1676.5097079326144,223.5346277243483,1900.0,2438.9533185328733,1509.258632362898,390.7413676371021,0,434.1570751523362,929.6946861699755,0.0,0,3185368.4450719673,207818.9555703103,207818.9555703103,3393187.4006422777,204806824.03098452,3393187.4006422777
13-11,1683.3400160072201,224.44533546762904,1900.0,2438.9533185328733,1509.258632362898,390.7413676371021,0,434.1570751523362,929.6946861699755,0.0,0,3198346.0304137184,208665.63571989225,208665.63571989225,3407011.6661336105,206620996.2312163,3407011.6661336105
13-12,1690.198151602402,225.35975354698664,1960.0000000000002,2425.2430951070105,1556.919431279621,403.0805687203792,0,447.8672985781995,868.3236638273889,0.0,0,3312788.3771407083,195685.20687915685,195685.20687915685,3508473.584019865,208481614.68099704,3508473.584019865
14-01,1697.084228090924,226.27789707878955,2000.0000000000005,2401.7373941880087,1588.6932972241034,411.3067027758972,0,457.00744752877506,813.0440969639053,2.7013946635179308e-14,0,3394168.456181849,183973.90849331595,183973.90849331595,3578142.3646751647,210371480.4256545,3578142.3646751647
14-02,1703.9983593074437,227.1997812409922,2040.0,2392.3614243627862,1620.2549243814028,419.7450756185971,0,466.3834173539967,772.1064999813839,0.0,0,3476156.652987185,175422.42789051856,175422.42789051856,3651579.0808777036,212292307.5183098,3651579.0808777036
14-03,1710.940659550396,228.12542127338583,2099.9999999999995,2372.4945771499692,1662.3747618898656,437.6252381101341,0,486.25026456681445,710.1198152601031,2.7013946635179308e-14,0,3592975.3850558307,161996.38201078994,161996.38201078994,3754971.7670666208,214259507.28080145,3754971.7670666208
14-04,1717.9112435838813,229.05483247785054,2160.0,2352.627729937149,1704.494599398329,455.50540060167094,0,506.1171117796345,648.1331305388201,0.0,0,3710688.2861411837,148458.02563891426,148458.02563891426,3859146.311780098,216273079.71312946,3859146.311780098
14-05,1724.9102266395632,229.98803021860815,2200.0000000000005,2339.3831651286027,1732.574491070638,467.42550892936237,0,519.3616765881806,606.8086740579649,0.0,0,3794802.49860704,139558.7316661568,139558.7316661568,3934361.2302731965,218317567.2586817,3934361.2302731965
14-06,1731.9377244185737,230.9250299224762,2160.0,2352.627729937149,1704.494599398329,455.50540060167094,0,506.1171117796345,648.1331305388201,0.0,0,3740985.484744119,149670.1625634252,149670.1625634252,3890655.647307544,220331139.69100973,3890655.647307544
14-07,1738.9938530934253,231.86584707912306,2099.9999999999995,2372.4945771499692,1662.3747618898656,437.6252381101341,0,486.25026456681445,710.1198152601031,2.7013946635179308e-14,0,3651887.0914961924,164652.5324929542,164652.5324929542,3816539.6239891467,222298339.45350137,3816539.6239891467
14-08,1746.0787293099315,232.81049724132387,2040.0,2392.3614243627862,1620.2549243814028,419.7450756185971,0,466.3834173539967,772.1064999813839,0.0,0,3562000.60779226,179754.4981839242,179754.4981839242,3741755.1059761844,224219166.54615667,3741755.1059761844
14-09,1753.1924701891355,233.75899602521775,1960.0000000000002,2410.877543138584,1556.919431279621,403.0805687203792,0,447.86729857819944,853.9581118589629,0.0,0,3436257.241570706,199620.39087574175,199620.39087574175,3635877.632446448,226078068.12444818,3635877.632446448
14-10,1760.3351933292463,234.71135911056587,1900.0,2424.587766564447,1509.258632362898,390.7413676371021,0,434.1570751523363,915.3291342015492,0.0,0,3344636.867325568,214838.14512194315,214838.14512194315,3559475.0124475113,227890523.45319074,3559475.0124475113
14-11,1767.5070168075822,235.66760224101066,1900.0,2424.587766564447,1509.258632362898,390.7413676371021,0,434.1570751523363,915.3291342015492,0.0,0,3358263.331934406,215713.42231861936,215713.42231861936,3573976.754253025,229702978.7819333,3573976.754253025
14-12,1774.7080591825234,236.62774122433615,1960.0000000000002,2410.877543138584,1556.919431279621,403.0805687203792,0,447.86729857819944,853.9581118589629,0.0,0,3478427.7959977463,202070.17910938535,202070.17910938535,3680497.9751071315,231561880.3602248,3680497.9751071315
15-01,1781.9384394954714,237.5917919327292,2000.0000000000005,2387.443669979425,1588.6932972241034,411.3067027758972,0,457.0074475287748,798.7503727553222,0.0,0,3563876.8789909435,189776.5323698724,189776.5323698724,3753653.411360816,233450037.81775048,3753653.411360816
15-02,1789.198277272817,238.55977030304194,2040.0,2377.0222532147945,1619.3140221359347,420.68597786406536,0,467.42886429340615,757.7082310788599,0.0,0,3649964.4856365467,180758.70156289704,180758.70156289704,3830723.1871994436,235369144.1288147,3830723.1871994436
15-03,1796.4876925279168,239.53169233705526,2099.9999999999995,2357.155406001977,1661.4338596443972,438.5661403556023,0,487.29571150622326,695.7215463575794,0.0,0,3772624.1543086246,166647.35939438405,166647.35939438405,3939271.5137030086,237334623.10971525,3939271.5137030086
15-04,1803.8068057630765,240.5075741017432,2160.0,2337.288558789157,1703.5536971528609,456.4463028471391,0,507.1625587190438,633.7348616362957,0.0,0,3896222.7004482453,152418.03419584935,152418.03419584935,4048640.7346440945,239346474.76045218,4048640.7346440945
15-05,1811.1557379715425,241.48743172953866,2200.0000000000005,2324.0439939806106,1731.63358882517,468.3664111748306,0,520.4071235275894,592.4104051554414,0.0,0,3984542.623537394,143059.66727084297,143059.66727084297,4127602.290808237,241389241.52441332,4127602.290808237
15-06,1818.5346106395036,242.4712814186001,2160.0,2337.288558789157,1703.5536971528609,456.4463028471391,0,507.1625587190438,633.7348616362957,0.0,0,3928034.758981328,153662.50398059186,153662.50398059186,4081697.26296192,243401093.17515025,4081697.26296192
15-07,1825.9435457480977,243.45913943307932,2099.9999999999995,2357.155406001977,1661.4338596443972,438.5661403556023,0,487.29571150622326,695.7215463575794,0.0,0,3834481.4460710045,169379.7689612675,169379.7689612675,4003861.215032272,245366572.1560508,4003861.215032272
15-08,1833.3826657754291,244.4510221033902,2040.0,2377.0222532147945,1619.3140221359347,420.68597786406536,0,467.42886429340615,757.7082310788599,0.0,0,3740100.6381818755,185222.55154337906,185222.55154337906,3925323.1897252547,247285678.467115,3925323.1897252547
15-09,1840.8520936985935,245.44694582647875,1960.0000000000002,2396.5838189300007,1556.919431279621,403.0805687203792,0,447.86729857819984,839.6643876503796,0.0,0,3608070.1036492437,206093.05946804618,206093.05946804618,3814163.16311729,249142871.7582747,3814163.16311729
15-10,1848.3519529957098,246.44692706609425,1900.0,2410.2940423558653,1509.258632362898,390.7413676371021,0,434.15707515233566,901.035409992967,6.753486658794827e-14,0,3511868.710691849,222057.40797050504,222057.40797050504,3733926.1186623536,250953618.79988545,3733926.1186623536
15-11,1855.8823676479624,247.45098235306128,1900.0,2410.2940423558653,1509.258632362898,390.7413676371021,0,434.15707515233566,901.035409992967,6.753486658794827e-14,0,3526176.4985311287,222962.097337653,222962.097337653,3749138.5958687817,252764365.8414962,3749138.5958687817
15-12,1863.4434621416506,248.45912828555302,1960.0000000000002,2396.5838189300007,1556.919431279621,403.0805687203792,0,447.86729857819984,839.6643876503796,0.0,0,3652349.1857976355,208622.28180803597,208622.28180803597,3860971.4676056714,254621559.1326559,3860971.4676056714
16-01,1871.0353614702458,249.47138152936574,2000.0000000000005,2373.221414391884,1588.6932972241034,411.3067027758972,0,457.0074475287751,784.5281171677809,2.7013946635179308e-14,0,3742070.7229404924,195717.3132384784,195717.3132384784,3937788.0361789707,256508016.8444854,3937788.0361789707
16-02,1878.6581911364588,250.48775881819415,2040.0,2361.7597779225393,1618.3778244016935,421.62217559830646,0,468.4690839981191,743.3819535208464,0.0,0,3832462.709918376,186208.0794833278,186208.0794833278,4018670.789401704,258425410.97786647,4018670.789401704
16-03,1886.3120771543136,251.50827695390814,2099.9999999999995,2341.8929307097237,1660.4976619101562,439.5023380898433,0,488.33593121093577,681.3952687995667,8.104183990553792e-14,0,3961255.3620240577,171376.54998032408,171376.54998032408,4132631.912004382,260389177.78108388,4132631.912004382
16-04,1893.997146051231,252.53295280683048,2160.0,2322.026083496904,1702.61749941862,457.3825005813802,0,508.2027784237554,619.408584078284,0.0,0,4091033.835470659,156421.07873118698,156421.07873118698,4247454.914201846,262399317.25413767,4247454.914201846
16-05,1901.7135248701204,253.56180331601573,2200.0000000000005,2308.7815186883577,1730.697391090929,469.30260890907147,0,521.447343232302,578.0841275974284,0.0,0,4183769.754714266,146580.05386196967,146580.05386196967,4330349.808576236,264440371.8404157,4330349.808576236
16-06,1909.4613411714795,254.5948454895303,2160.0,2322.026083496904,1702.61749941862,457.3825005813802,0,508.2027784237554,619.408584078284,0.0,0,4124436.4969303957,157698.23275829945,157698.23275829945,4282134.729688695,266450511.31346947,4282134.729688695
16-07,1917.2407230355034,255.63209640473346,2099.9999999999995,2341.8929307097237,1660.4976619101562,439.5023380898433,0,488.33593121093577,681.3952687995667,8.104183990553792e-14,0,4026205.518374556,174186.5010435001,174186.5010435001,4200392.019418056,268414278.11668688,4200392.019418056
16-08,1925.0517990642015,256.6735732085599,2040.0,2361.7597779225393,1618.3778244016935,421.62217559830646,0,468.4690839981191,743.3819535208464,0.0,0,3927105.670090971,190806.50226895526,190806.50226895526,4117912.172359926,270331672.25006795,4117912.172359926
16-09,1932.894698383524,257.7192931178029,1960.0000000000002,2382.36156334246,1556.919431279621,403.0805687203792,0,447.86729857819944,825.4421320628384,0.0,0,3788473.6088317074,212732.36278488682,212732.36278488682,4001205.971616594,272187165.7955315,4001205.971616594
16-10,1940.769550645496,258.7692734193992,1900.0,2396.0717867683234,1509.258632362898,390.7413676371021,0,434.1570751523359,886.8131544054253,6.753486658794827e-14,0,3687462.1462264424,229479.9956242574,229479.9956242574,3916942.1418506997,273996213.0914461,3916942.1418506997
16-11,1948.6764860303615,259.8235314707146,1900.0,2396.0717867683234,1509.258632362898,390.7413676371021,0,434.1570751523359,886.8131544054253,6.753486658794827e-14,0,3702485.3234576867,230414.9255323017,230414.9255323017,3932900.2489899886,275805260.3873607,3932900.2489899886
16-12,1956.6156352487342,260.88208469983095,1960.0000000000002,2382.36156334246,1556.919431279621,403.0805687203792,0,447.86729857819944,825.4421320628384,0.0,0,3834966.6450875197,215343.06421162645,215343.06421162645,4050309.709299146,277660753.93282425,4050309.709299146
17-01,1964.5871295437594,261.9449506058343,2000.0000000000005,2359.070270082281,1588.6932972241034,411.3067027758972,0,457.00744752877523,770.3769728581774,0.0,0,3929174.2590875197,201796.35810320746,201796.35810320746,4130970.617190727,279545520.3976861,4130970.617190727
17-02,1972.5911006932831,263.01214675910416,2040.0,2346.5736150067482,1617.446307656124,422.5536923438761,0,469.50410260430704,729.1273073506248,0.0,0,4024085.8454142977,191769.33836697298,191769.33836697298,4215855.183781271,281461210.9142725,4215855.183781271
17-03,1980.6276810120307,264.08369080160384,2099.9999999999995,2326.706767793931,1659.5661451645865,440.43385483541306,0,489.37094981712477,667.1406226293439,0.0,0,4159318.1301252637,176180.95790763712,176180.95790763712,4335499.088032901,283423274.1006952,4335499.088032901
17-04,1988.6970033537941,265.1596004471723,2160.0,2306.839920581112,1701.6859826730501,458.3140173269499,0,509.2377970299442,605.1539379080614,0.0,0,4295585.527244195,160462.37638473447,160462.37638473447,4456047.9036289295,285431709.95695424,4456047.9036289295
17-05,1996.799201113628,266.2398934818168,2200.0000000000005,2293.5953557725657,1729.765874345359,470.2341256546414,0,522.4823618384903,563.8294814272064,5.4027893270358616e-14,0,4392958.242449982,150113.90107708742,150113.90107708742,4543072.143527069,287471060.9264375,4543072.143527069
17-06,2004.934408230055,267.3245877640071,2160.0,2306.839920581112,1701.6859826730501,458.3140173269499,0,509.2377970299442,605.1539379080614,0.0,0,4330658.321776919,161772.52698503807,161772.52698503807,4492430.848761957,289479496.78269655,4492430.848761957
17-07,2013.1027591872798,268.41370122497045,2099.9999999999995,2326.706767793931,1659.5661451645865,440.43385483541306,0,489.37094981712477,667.1406226293439,0.0,0,4227515.794293287,179069.68375747345,179069.68375747345,4406585.478050761,291441559.96911925,4406585.478050761
17-08,2021.3043890174129,269.5072518689882,2040.0,2346.5736150067482,1617.446307656124,422.5536923438761,0,469.50410260430704,729.1273073506248,0.0,0,4123460.9535955223,196505.09686670202,196505.09686670202,4319966.0504622245,293357250.4857056,4319966.0504622245
17-09,2029.5394333027016,270.6052577736933,1960.0000000000002,2368.2104190328564,1556.919431279621,403.0805687203792,0,447.86729857819955,811.290987753235,0.0,0,3977897.2892732956,219539.6068704384,219539.6068704384,4197436.8961437335,295211052.7842015,4197436.8961437335
17-10,2037.8080281777723,271.70773709036945,1900.0,2381.9206424587196,1509.258632362898,390.7413676371021,0,434.15707515233595,872.6620100958219,0.0,0,3871835.253537767,237109.0200078689,237109.0200078689,4108944.273545636,297018408.8331485,4108944.273545636
17-11,2046.1103103318808,272.8147080442506,1900.0,2381.9206424587196,1509.258632362898,390.7413676371021,0,434.15707515233595,872.6620100958219,0.0,0,3887609.5896305735,238075.03150560052,238075.03150560052,4125684.621136174,298825764.88209546,4125684.621136174
17-12,2054.446417011172,273.9261889348228,1960.0000000000002,2368.2104190328564,1556.919431279621,403.0805687203792,0,447.86729857819955,811.290987753235,0.0,0,4026714.9773418973,222233.84839241163,222233.84839241163,4248948.825734309,300679567.18059134,4248948.825734309
18-01,2062.816486020948,275.04219813612633,2000.0000000000005,2344.707947714081,1588.4395568219734,411.56044317802696,0,457.28938130891913,756.2683908921075,2.7013946635179308e-14,0,4125632.972041897,208005.72061183647,208005.72061183647,4333638.692653733,302562647.4852427,4333638.692653733
18-02,2071.220655727948,276.16275409705963,2040.0,2331.463382905535,1616.519448494282,423.480551505718,0,470.53394611746506,714.9439344112529,0.0,0,4225290.137685014,197440.88595199917,197440.88595199917,4422731.0236370135,304476642.9031183,4422731.0236370135
18-03,2079.6590650626326,277.2878753416843,2099.9999999999995,2311.5965356927177,1658.6392860027445,441.36071399725506,0,490.4007933302821,652.9572496899727,2.7013946635179308e-14,0,4367284.036631527,181057.1284554822,181057.1284554822,4548341.16508701,306437010.99083024,4548341.16508701
18-04,2088.131853521484,278.4175804695312,2160.0,2291.7296884798975,1700.7591235112081,459.24087648879186,0,510.2676405431017,590.9705649686899,0.0,0,4510364.803606406,164536.59482729452,164536.59482729452,4674901.3984337,308443751.7483785,4674901.3984337
18-05,2096.63916116931,279.55188815590793,2200.0000000000005,2278.4851236713516,1728.8390151835172,471.1609848164832,0,523.5122053516484,549.6461084878345,0.0,0,4612606.154572482,153654.60744532113,153654.60744532113,4766260.762017803,310481407.61915106,4766260.762017803
18-06,2105.181128641558,280.6908171522077,2160.0,2291.7296884798975,1700.7591235112081,459.24087648879186,0,510.2676405431017,590.9705649686899,0.0,0,4547191.237865766,165880.01079396345,165880.01079396345,4713071.248659729,312488148.3766993,4713071.248659729
18-07,2113.7578971466446,281.8343862862192,2099.9999999999995,2311.5965356927177,1658.6392860027445,441.36071399725506,0,490.4007933302821,652.9572496899727,2.7013946635179308e-14,0,4438891.584007952,184025.80573751108,184025.80573751108,4622917.389745464,314448516.46441126,4622917.389745464
18-08,2122.3696084682842,282.9826144624378,2040.0,2331.463382905535,1616.519448494282,423.480551505718,0,470.53394611746506,714.9439344112529,0.0,0,4329634.0012753,202316.70375375802,202316.70375375802,4531950.705029058,316362511.88228685,4531950.705029058
18-09,2131.0164049678374,284.1355206623782,1960.0000000000002,2354.1300304448005,1556.919431279621,403.0805687203792,0,447.8672985781995,797.2105991651795,0.0,0,4176792.1537369615,226515.84867136477,226515.84867136477,4403308.002408327,318214631.39004993,4403308.002408327
18-10,2139.698429586662,285.2931239448881,1900.0,2367.8402538706637,1509.258632362898,390.7413676371021,0,434.1570751523359,858.5816215077659,6.753486658794827e-14,0,4065427.0162146576,244947.4329616181,244947.4329616181,4310374.449176276,320020304.64826405,4310374.449176276
18-11,2148.415825848476,286.45544344646333,1900.0,2367.8402538706637,1509.258632362898,390.7413676371021,0,434.1570751523359,858.5816215077659,6.753486658794827e-14,0,4081990.069112104,245945.37912399063,245945.37912399063,4327935.448236095,321825977.90647817,4327935.448236095
18-12,2157.1687378617316,287.6224983815641,1960.0000000000002,2354.1300304448005,1556.919431279621,403.0805687203792,0,447.8672985781995,797.2105991651795,0.0,0,4228050.726208994,229295.7042681526,229295.7042681526,4457346.430477147,323678097.41424125,4457346.430477147
19-01,2165.957310321997,288.7943080429328,2000.0000000000005,2329.6732667733745,1587.5173319559408,412.4826680440596,0,458.31407560451134,742.1559348174335,2.7013946635179308e-14,0,4331914.620643995,214330.40965555666,214330.40965555666,4546245.030299552,325559491.0956754,4546245.030299552
19-02,2174.7816885143466,289.9708918019128,2040.0,2316.4287019648286,1615.5972236282494,424.40277637175063,0,471.5586404130568,700.8314783365798,0.0,0,4436554.644569267,203220.72877611098,203220.72877611098,4639775.373345378,327471799.8903338,4639775.373345378
19-03,2183.6420183157657,291.1522691087687,2099.9999999999995,2296.5618547520116,1657.717061136712,442.2829388632877,0,491.42548762587387,638.8447936152994,2.7013946635179308e-14,0,4585648.238463107,186001.11126941745,186001.11126941745,4771649.349732524,329430481.35482854,4771649.349732524
19-04,2192.53844619756,292.3384594930079,2160.0,2276.695007539192,1699.8368986451756,460.1631013548245,0,511.29233483869393,576.8581088940164,0.0,0,4735883.04378673,168637.81090012655,168637.81090012655,4904520.854686856,331435535.48915964,4904520.854686856
19-05,2201.471119227777,293.5294825637035,2200.0000000000005,2263.4504427306456,1727.9167903174846,472.08320968251587,0,524.53689964724,535.5336524131612,0.0,0,4843236.46230111,157194.91588828544,157194.91588828544,5000431.378189395,333471504.73671496,5000431.378189395
19-06,2210.4401850736376,294.72535800981825,2160.0,2276.695007539192,1699.8368986451756,460.1631013548245,0,511.29233483869393,576.8581088940164,0.0,0,4774550.799759057,170014.7126646557,170014.7126646557,4944565.512423713,335476558.87104607,4944565.512423713
19-07,2219.445792003978,295.9261056005303,2099.9999999999995,2296.5618547520116,1657.717061136712,442.2829388632877,0,491.42548762587387,638.8447936152994,2.7013946635179308e-14,0,4660836.163208353,189050.8518577501,189050.8518577501,4849887.015066103,337435240.33554083,4849887.015066103
19-08,2228.4880888916996,297.13174518555985,2040.0,2316.4287019648286,1615.5972236282494,424.40277637175063,0,471.5586404130568,700.8314783365798,0.0,0,4546115.701339067,208239.28023912385,208239.28023912385,4754354.981578191,339347549.1301992,4754354.981578191
19-09,2237.5672252162303,298.3422966954973,1960.0000000000002,2340.120043799686,1556.919431279621,403.0805687203792,0,447.8672985781999,783.2006125200646,0.0,0,4385631.761423812,233661.86951255632,233661.86951255632,4619293.630936368,341197994.26118314,4619293.630936368
19-10,2246.683351065996,299.5577801421327,1900.0,2353.83026722555,1509.258632362898,390.7413676371021,0,434.1570751523357,844.5716348626522,0.0,0,4268698.367025392,252998.00411046794,252998.00411046794,4521696.37113586,343001993.1426181,4521696.37113586
19-11,2255.8366171409007,300.77821561878665,1900.0,2353.83026722555,1509.258632362898,390.7413676371021,0,434.1570751523357,844.5716348626522,0.0,0,4286089.572567712,254028.74929622994,254028.74929622994,4540118.321863942,344805992.0240531,4540118.321863942
19-12,2265.027174754819,302.00362330064246,1960.0000000000002,2340.120043799686,1556.919431279621,403.0805687203792,0,447.8672985781999,783.2006125200646,0.0,0,4439453.262519446,236529.42275234204,236529.42275234204,4675982.685271788,346656437.15503705,4675982.685271788
20-01,2274.2551758380973,303.2340234450796,2000.0000000000005,2314.71375923737,1586.5997182142385,413.400281785762,0,459.3336464286249,728.1140410231325,0.0,0,4548510.351676196,220788.95018630018,220788.95018630018,4769299.301862496,348536152.6463701,4769299.301862496
20-02,2283.5207729400645,304.46943639200856,2040.0,2301.469194428825,1614.6796098865468,425.3203901134532,0,472.57821123717065,686.7895845422782,0.0,0,4658382.376797732,209106.43772548917,209106.43772548917,4867488.814523221,350446783.2509274,4867488.814523221
20-03,2292.8241192315545,305.70988256420725,2099.9999999999995,2281.6023472160077,1656.7994473950093,443.2005526049901,0,492.44505844998787,624.8028998209979,0.0,0,4814930.650386264,191008.42113005344,191008.42113005344,5005939.071516317,352403786.525321,5005939.071516317
20-04,2302.1653685074384,306.9553824676584,2160.0,2261.735500003188,1698.919284903473,461.0807150965271,0,512.3119056628077,562.8162150997148,0.0,0,4972677.195976067,172759.46656493287,172759.46656493287,5145436.662541,354407162.46955097,5145436.662541
20-05,2311.5446751891664,308.2059566918888,2200.0000000000005,2248.4909351946426,1726.999176575782,473.0008234242184,0,525.5564704713534,521.4917586188603,5.4027893270358616e-14,0,5085398.285416167,160726.8663720614,160726.8663720614,5246125.151788228,356441453.5270052,5246125.151788228
20-06,2320.96219432732,309.4616259103093,2160.0,2261.735500003188,1698.919284903473,461.0807150965271,0,512.3119056628077,562.8162150997148,0.0,0,5013278.339747012,174170.02101344411,174170.02101344411,5187448.360760456,358444829.47123516,5187448.360760456
20-07,2330.4180816041776,310.722410880557,2099.9999999999995,2281.6023472160077,1656.7994473950093,443.2005526049901,0,492.44505844998787,624.8028998209979,0.0,0,4893877.971368772,194140.26335754362,194140.26335754362,5088018.234726315,360401832.7456288,5088018.234726315
20-08,2339.9124933362855,311.988332444838,2040.0,2301.469194428825,1614.6796098865468,425.3203901134532,0,472.57821123717065,686.7895845422782,0.0,0,4773421.486406023,214270.3372218285,214270.3372218285,4987691.823627851,362312463.35018605,4987691.823627851
20-09,2349.445586477043,313.2594115302723,1960.0000000000002,2326.180107087797,1556.919431279621,403.0805687203792,0,447.86729857819944,769.2606758081748,0.0,0,4604913.349495005,240978.14661704842,240978.14661704842,4845891.496112053,364161242.4762747,4845891.496112053
20-10,2359.017518619297,314.5356691492395,1900.0,2339.8903305136596,1509.258632362898,390.7413676371021,0,434.1570751523359,830.6316981507616,1.3506973317589654e-14,0,4482133.285376664,261263.29699441892,261263.29699441892,4743396.582371083,365963575.35281444,4743396.582371083
20-11,2368.6284479979468,315.81712639972613,1900.0,2339.8903305136596,1509.258632362898,390.7413676371021,0,434.1570751523359,830.6316981507616,1.3506973317589654e-14,0,4500394.051196099,262327.71600649826,262327.71600649826,4762721.767202597,367765908.22935414,4762721.767202597
20-12,2378.278533492561,317.1038044656747,1960.0000000000002,2326.180107087797,1556.919431279621,403.0805687203792,0,447.86729857819944,769.2606758081748,0.0,0,4661425.92564542,243935.48692460827,243935.48692460827,4905361.412570029,369614687.3554428,4905361.412570029
21-01,2387.9679346300036,318.3957246173337,2000.0000000000005,2299.829049239047,1585.6866925412444,414.31330745875607,0,460.3481193986183,714.142356697803,2.7013946635179308e-14,0,4775935.869260008,227379.8731407274,227379.8731407274,5003315.742400736,371492733.04762524,5003315.742400736
21-02,2397.6968115870695,319.69290821160916,2040.0,2286.584484430501,1613.7665842135527,426.23341578644727,0,473.59268420716404,672.8179002169488,0.0,0,4891301.495637622,215095.11121718463,215095.11121718463,5106396.606854807,373401693.85303193,5106396.606854807
21-03,2407.465325193134,320.9953766924178,2099.9999999999995,2266.717637217685,1655.8864217220153,444.1135782779842,0,493.45953141998086,610.8312154956691,2.7013946635179308e-14,0,5055677.182905581,196073.9961135197,196073.9961135197,5251751.179019101,375357027.32827497,5251751.179019101
21-04,2417.273636932812,322.3031515910415,2160.0,2246.850790004864,1698.006259230479,461.993740769521,0,513.3263786328016,548.8445307743851,0.0,0,5221311.055774874,176894.3220020907,176894.3220020907,5398205.377776965,377358733.47335434,5398205.377776965
21-05,2427.1219089486262,323.6162545264834,2200.0000000000005,2233.606225196319,1726.086150902788,473.9138490972125,0,526.5709434413468,507.5200742935309,5.4027893270358616e-14,0,5339668.199686979,164241.74553987506,164241.74553987506,5503909.945226854,379391354.731658,5503909.945226854
21-06,2437.010304043688,324.9347072058249,2160.0,2246.850790004864,1698.006259230479,461.993740769521,0,513.3263786328016,548.8445307743851,0.0,0,5263942.256734366,178338.63690869318,178338.63690869318,5442280.893643059,381393060.87673736,5442280.893643059
21-07,2446.9389856843886,326.258531424585,2099.9999999999995,2266.717637217685,1655.8864217220153,444.1135782779842,0,493.45953141998086,610.8312154956691,2.7013946635179308e-14,0,5138571.869937215,199288.89531591118,199288.89531591118,5337860.765253127,383348394.3519804,5337860.765253127
21-08,2456.9081180031017,327.5877490670801,2040.0,2286.584484430501,1613.7665842135527,426.23341578644727,0,473.59268420716404,672.8179002169488,0.0,0,5012092.560726328,220406.90146410957,220406.90146410957,5232499.462190437,385257355.1573871,5232499.462190437
21-09,2466.917865800897,328.92238210678613,1960.0000000000002,2312.3098700594655,1556.919431279621,403.0805687203792,0,447.86729857819955,755.390438779845,0.0,0,4835159.016969758,248464.822544157,248464.822544157,5083623.839513915,387104476.60860497,5083623.839513915
21-10,2476.9683945502634,330.2624526067017,1900.0,2326.02009348533,1509.258632362898,390.7413676371021,0,434.1570751523355,816.7614611224321,0.0,0,4706239.949645501,269745.64334492764,269745.64334492764,4975985.592990428,388905151.8102739,4975985.592990428
21-11,2487.0598703978458,331.6079827197127,1900.0,2326.02009348533,1509.258632362898,390.7413676371021,0,434.1570751523355,816.7614611224321,0.0,0,4725413.753755907,270844.62048601476,270844.62048601476,4996258.374241921,390705827.0119428,4996258.374241921
21-12,2497.192460167191,332.95899468895874,1960.0000000000002,2312.3098700594655,1556.919431279621,403.0805687203792,0,447.86729857819955,755.390438779845,0.0,0,4894497.221927695,251514.04109378863,251514.04109378863,5146011.263021484,392552948.4631607,5146011.263021484
22-01,2507.366331361505,334.3155108482007,2000.0000000000005,2285.0187627907158,1584.7782319966154,415.22176800338514,0,461.35752000376124,700.240530794101,2.7013946635179308e-14,0,5014732.662723011,234101.27076904508,234101.27076904508,5248833.933492056,394429332.7051883,5248833.933492056
22-02,2517.581652166424,335.6775536221899,2040.0,2271.77419798217,1612.8581236689238,427.1418763310763,0,474.60208481230745,658.9160743132462,0.0,0,5135866.570419505,221183.3358678076,221183.3358678076,5357049.9062873125,396336632.06044006,5357049.9062873125
22-03,2527.838591452792,337.045145527039,2099.9999999999995,2251.9073507693533,1654.9779611773863,445.02203882261324,0,494.4689320251243,596.9293895919662,2.7013946635179308e-14,0,5308461.042050863,201192.15298439082,201192.15298439082,5509653.195035254,398290304.08552825,5509653.195035254
22-04,2538.1373187794543,338.4183091705939,2160.0,2232.0405035565327,1697.09779868585,462.9022013141501,0,514.3357792379444,534.9427048706833,0.0,0,5482376.6085636215,181034.40568548065,181034.40568548065,5663411.014249102,400290348.7804528,5663411.014249102
22-05,2548.478004396059,339.7970672528079,2200.0000000000005,2218.7959387479873,1725.177690358159,474.82230964184134,0,527.5803440464903,493.6182483898283,0.0,0,5606651.609671331,167730.03314533172,167730.03314533172,5774381.642816663,402321308.5886015,5774381.642816663
22-06,2558.8608192458737,341.1814425661165,2160.0,2232.0405035565327,1697.09779868585,462.9022013141501,0,514.3357792379444,534.9427048706833,0.0,0,5527139.369571087,182512.52373800005,182512.52373800005,5709651.893309087,404321353.28352606,5709651.893309087
22-07,2569.285934968609,342.57145799581457,2099.9999999999995,2251.9073507693533,1654.9779611773863,445.02203882261324,0,494.4689320251243,596.9293895919662,2.7013946635179308e-14,0,5395500.463434078,204490.9713130715,204490.9713130715,5599991.434747149,406275025.30861425,5599991.434747149
22-08,2579.753523903258,343.9671365204344,2040.0,2271.77419798217,1612.8581236689238,427.1418763310763,0,474.60208481230745,658.9160743132462,0.0,0,5262697.188762647,226645.47528881306,226645.47528881306,5489342.66405146,408182324.66386604,5489342.66405146
22-09,2590.263759090943,345.3685012121257,1960.0000000000002,2298.263327599261,1556.6983403243064,403.3016596756939,0,448.11295519521644,741.5649872749544,0.0,0,5076916.967818249,256113.18820654007,256113.18820654007,5333030.156024789,410027793.7926694,5333030.156024789
22-10,2600.8168142777777,346.775575237037,1900.0,2312.2192076421425,1509.258632362898,390.7413676371021,0,434.15707515233566,802.9605752792438,0.0,0,4941551.947127777,278447.1153851219,278447.1153851219,5219999.062512899,411826819.6078419,5219999.062512899
22-11,2611.4128639177393,348.18838185569854,1900.0,2312.2192076421425,1509.258632362898,390.7413676371021,0,434.15707515233566,802.9605752792438,0.0,0,4961684.441443705,279581.5434004007,279581.5434004007,5241265.984844105,413625845.4230144,5241265.984844105
22-12,2622.0520831755516,349.6069444234069,1960.0000000000002,2298.263327599261,1556.6983403243064,403.3016596756939,0,448.11295519521644,741.5649872749544,0.0,0,5139222.083024082,259256.26929257944,259256.26929257944,5398478.352316661,415471314.5518178,5398478.352316661
23-01,2632.734647929582,351.03128639061094,2000.0000000000005,2270.282527774625,1583.8743137547094,416.1256862452909,0,462.3618736058796,686.4082140199159,0.0,0,5265469.2958591655,240950.75835649288,240950.75835649288,5506420.054215658,417346045.65094125,5506420.054215658
23-02,2643.460734774747,352.4614313032996,2040.0,2257.0379629660797,1611.954205427018,428.04579457298206,0,475.6064384144245,645.0837575390625,0.0,0,5392659.898940484,227367.14449272866,227367.14449272866,5620027.043433213,419251691.863289,5620027.043433213
23-03,2654.230521025433,353.8974028033911,2099.9999999999995,2237.171115753262,1654.0740429354805,445.92595706451914,0,495.4732856272426,583.0970728177814,0.0,0,5573884.094153408,206356.53965247265,206356.53965247265,5780240.63380588,421203710.7454731,5780240.63380588
23-04,2665.044184718428,355.3392246291238,2160.0,2217.3042685404425,1696.193880443944,463.80611955605605,0,515.3401328400627,521.1103880964984,0.0,0,5756495.438991805,185170.9612523915,185170.9612523915,5941666.400244196,423202102.2974935,5941666.400244196
23-05,2675.901904615863,356.7869206154485,2200.0000000000005,2204.0597037318967,1724.273772116253,475.72622788374736,0,528.5846976486083,479.7859316156436,0.0,0,5886984.1901549,171181.34509575964,171181.34509575964,6058165.535250659,425231408.9627382,6058165.535250659
23-06,2686.8038602081683,358.24051469442253,2160.0,2217.3042685404425,1696.193880443944,463.80611955605605,0,515.3401328400627,521.1103880964984,0.0,0,5803496.338049644,186682.85364429984,186682.85364429984,5990179.191693944,427229800.51475865,5990179.191693944
23-07,2697.7502317170406,359.7000308956055,2099.9999999999995,2237.171115753262,1654.0740429354805,445.92595706451914,0,495.4732856272426,583.0970728177814,0.0,0,5665275.486605784,209740.03510769308,209740.03510769308,5875015.521713477,429181819.39694273,5875015.521713477
23-08,2708.741200098422,361.16549334645634,2040.0,2257.0379629660797,1611.954205427018,428.04579457298206,0,475.6064384144245,645.0837575390625,0.0,0,5525832.0482007805,232981.99354138132,232981.99354138132,5758814.041742162,431087465.6092905,5758814.041742162
23-09,2719.776947045491,362.63692627273224,1960.0000000000002,2283.527092583172,1555.7944220824006,404.2055779175997,0,449.1173087973334,727.7326705007707,0.0,0,5330762.816209163,263902.7387786465,263902.7387786465,5594665.554987809,432931281.59518975,5594665.554987809
23-10,2730.8576549916675,364.1143539988891,1900.0,2298.487326228169,1509.258632362898,390.7413676371021,0,434.15707515233595,789.228693865271,0.0,0,5188629.544484168,287369.49602414016,287369.49602414016,5475999.040508308,434728666.2707983,5475999.040508308
23-11,2741.983507113627,365.5978009484837,1900.0,2298.487326228169,1509.258632362898,390.7413676371021,0,434.15707515233595,789.228693865271,0.0,0,5209768.663515892,288540.27492258715,288540.27492258715,5498308.938438479,436526050.9464069,5498308.938438479
23-12,2753.1546873343304,367.0872916445775,1960.0000000000002,2283.527092583172,1555.7944220824006,404.2055779175997,0,449.1173087973334,727.7326705007707,0.0,0,5396183.187175288,267141.4150554036,267141.4150554036,5663324.602230691,438369866.9323062,5663324.602230691
24-01,2764.371380326062,368.5828507101417,2000.0000000000005,2255.619973933616,1582.9749151040132,417.02508489598733,0,463.3612054399866,672.6450588296035,2.7013946635179308e-14,0,5528742.760652126,247925.43329950623,247925.43329950623,5776668.193951632,440242953.15424013,5776668.193951632
24-02,2775.6337715134855,370.0845028684648,2040.0,2242.375409125071,1611.0548067763216,428.94519322367853,0,476.60577024853194,631.3206023487495,0.0,0,5662292.8938875105,233641.97127085674,233641.97127085674,5895934.865158367,442146954.4893983,5895934.865158367
24-03,2786.9420470767063,371.5922729435609,2099.9999999999995,2222.5085619122538,1653.174644284784,446.82535571521544,0,496.47261746134916,569.3339176274692,2.7013946635179308e-14,0,5852578.298861082,211560.08451505334,211560.08451505334,6064138.3833761355,444097328.4943928,6064138.3833761355
24-04,2798.296393954351,373.1061858605802,2160.0,2202.6417146994336,1695.2944817932475,464.70551820675234,0,516.339464674169,507.34723290618615,0.0,0,6044320.2109413985,189294.39097654657,189294.39097654657,6233614.601917945,446094075.1692237,6233614.601917945
24-05,2809.696999846658,374.6262666462211,2200.0000000000005,2189.3971498908886,1723.3743734655568,476.6256265344436,0,529.5840294827151,466.02277642533136,0.0,0,6181333.399662648,174584.37290432845,174584.37290432845,6355917.772566977,448121736.95727885,6355917.772566977
24-06,2821.144053218579,376.15254042914387,2160.0,2202.6417146994336,1695.2944817932475,464.70551820675234,0,516.339464674169,507.34723290618615,0.0,0,6093671.15495213,190839.95053735847,190839.95053735847,6284511.105489489,450118483.63210976,6284511.105489489
24-07,2832.6377433028947,377.685032440386,2099.9999999999995,2222.5085619122538,1653.174644284784,446.82535571521544,0,496.47261746134916,569.3339176274692,2.7013946635179308e-14,0,5948539.260936078,215028.89914854275,215028.89914854275,6163568.16008462,452068857.6371043,6163568.16008462
24-08,2844.178260103345,379.22376801377936,2040.0,2242.375409125071,1611.0548067763216,428.94519322367853,0,476.60577024853194,631.3206023487495,0.0,0,5802123.650610824,239411.77764742164,239411.77764742164,6041535.428258246,453972858.97226244,6041535.428258246
24-09,2855.765794397768,380.76877258636904,1960.0000000000002,2268.864538742163,1554.895023431704,405.10497656829614,0,450.1166406314404,713.9695153104583,0.0,0,5597300.957019625,271857.296008848,271857.296008848,5869158.253028473,455815030.08097214,5869158.253028473
24-10,2867.400537741253,382.3200716988338,1900.0,2284.824104221267,1509.258632362898,390.7413676371021,0,434.15707515233584,775.5654718583693,0.0,0,5448061.021708381,296514.2468080316,296514.2468080316,5744575.268516413,457610781.82271457,5744575.268516413
24-11,2879.082682469311,383.87769099590815,1900.0,2284.824104221267,1509.258632362898,390.7413676371021,0,434.15707515233584,775.5654718583693,0.0,0,5470257.09669169,297722.2825531428,297722.2825531428,5767979.379244833,459406533.564457,5767979.379244833
24-12,2890.812421701049,385.4416562268066,1960.0000000000002,2268.864538742163,1554.895023431704,405.10497656829614,0,450.1166406314404,713.9695153104583,0.0,0,5665992.346534057,275193.59247671335,275193.59247671335,5941185.93901077,461248704.6731667,5941185.93901077
25-01,2902.5899493423676,387.011993245649,2000.0000000000005,2241.030732861812,1582.0800134465703,417.9199865534302,0,464.35554061492303,658.9507194152418,2.7013946635179308e-14,0,5805179.898684736,255021.83137154713,255021.83137154713,6060201.730056283,463120154.24229705,6060201.730056283
25-02,2914.415460089162,388.5887280118883,2040.0,2227.7861680532665,1610.1599051188787,429.84009488112133,0,477.6001054234684,617.626262934388,0.0,0,5945407.538581891,240002.60390040991,240002.60390040991,6185410.142482301,465022518.9246516,6185410.142482301
25-03,2926.2891494305436,390.1718865907392,2099.9999999999995,2207.9193208404486,1652.2797426273412,447.7202573726583,0,497.4669526362861,555.639578213107,8.104183990553792e-14,0,6145207.213804141,216794.94249589054,216794.94249589054,6362002.156300032,466971256.27684253,6362002.156300032
25-04,2938.211213652071,391.7614951536095,2160.0,2188.052473627629,1694.3995801358049,465.6004198641952,0,517.3337998491055,493.6528934918246,0.0,0,6346536.221488473,193394.19564126275,193394.19564126275,6539930.417129735,468966366.2988698,6539930.417129735
25-05,2950.181849838993,393.35757997853244,2200.0000000000005,2174.8079088190834,1722.4794718081139,477.52052819188657,0,530.5783646576516,452.32843701096954,1.3506973317589654e-14,0,6490400.069645786,177926.81933810702,177926.81933810702,6668326.888983892,470992391.4341213,6668326.888983892
25-06,2962.2012558795095,394.9601674506013,2160.0,2188.052473627629,1694.3995801358049,465.6004198641952,0,517.3337998491055,493.6528934918246,0.0,0,6398354.71269974,194973.2294760049,194973.2294760049,6593327.942175745,472987501.45614856,6593327.942175745
25-07,2974.269630468041,396.56928406240553,2099.9999999999995,2207.9193208404486,1652.2797426273412,447.7202573726583,0,497.4669526362861,555.639578213107,8.104183990553792e-14,0,6245966.2239828855,220349.58972870884,220349.58972870884,6466315.813711595,474936238.8083395,6466315.813711595
25-08,2986.387173108514,398.18495641446856,2040.0,2227.7861680532665,1610.1599051188787,429.84009488112133,0,477.6001054234684,617.626262934388,0.0,0,6092229.833141369,245929.48658696038,245929.48658696038,6338159.319728329,476838603.49069405,6338159.319728329
25-09,2998.554084117658,399.80721121568774,1960.0000000000002,2254.275297670357,1554.0001217742613,405.999878225739,0,451.11097580637716,700.2751758960961,0.0,0,5877166.00487061,279975.0651585934,279975.0651585934,6157141.070029204,478679137.94660014,6157141.070029204
25-10,3010.7705646283175,401.4360752837757,1900.0,2271.2291983243986,1509.258632362898,390.7413676371021,0,434.1570751523361,761.9705659615007,0.0,0,5720464.072793803,305882.4734813422,305882.4734813422,6026346.546275145,480473264.91914576,6026346.546275145
25-11,3023.036816592778,403.0715755457038,1900.0,2271.2291983243986,1509.258632362898,390.7413676371021,0,434.1570751523361,761.9705659615007,0.0,0,5743769.951526279,307128.6765415537,307128.6765415537,6050898.628067832,482267391.8916914,6050898.628067832
25-12,3035.3530427861033,404.7137390381472,1960.0000000000002,2254.275297670357,1554.0001217742613,405.999878225739,0,451.11097580637716,700.2751758960961,0.0,0,5949291.963860763,283410.9847925053,283410.9847925053,6232702.948653269,484107926.3475975,6232702.948653269
26-01,3047.7194468094876,406.36259290793174,2000.0000000000005,2226.5144379953654,1581.1895862974145,418.81041370258595,0,465.34490411398514,645.3248516979512,2.7013946635179308e-14,0,6095438.893618977,262235.880003906,262235.880003906,6357674.773622883,485977747.4471882,6357674.773622883
26-02,3060.1362330936217,408.018164412483,2040.0,2213.26987318682,1609.2694779697229,430.7305220302771,0,478.5894689225305,604.0003952170971,0.0,0,6242677.915510989,246443.1325608942,246443.1325608942,6489121.048071883,487878483.6600032,6489121.048071883
26-03,3072.6036069020724,409.6804809202764,2099.9999999999995,2193.403025974003,1651.3893154781854,448.61068452181405,0,498.4563161353477,542.0137104958169,2.7013946635179308e-14,0,6452467.574494351,222052.43758130973,222052.43758130973,6674520.012075661,489825592.5426545,6674520.012075661
26-04,3085.121774334676,411.3495699112902,2160.0,2173.536178761183,1693.509152986649,466.49084701335096,0,518.3231633481676,480.02702577453374,0.0,0,6663863.0325629,197458.91059815025,197458.91059815025,6861321.943161051,491819074.0951422,6861321.943161051
26-05,3097.6909423309444,413.0254589774593,2200.0000000000005,2160.2916139526365,1721.5890446589583,478.4109553410422,0,531.567728156714,438.70256929367855,1.3506973317589654e-14,0,6814920.073128079,181195.33003711223,181195.33003711223,6996115.403165191,493843470.7608541,6996115.403165191
26-06,3110.3113186734868,414.7081758231317,2160.0,2173.536178761183,1693.509152986649,466.49084701335096,0,518.3231633481676,480.02702577453374,0.0,0,6718272.448334731,199071.1322047603,199071.1322047603,6917343.580539491,495836952.3133418,6917343.580539491
26-07,3122.983111991445,416.3977482655261,2099.9999999999995,2193.403025974003,1651.3893154781854,448.61068452181405,0,498.4563161353477,542.0137104958169,2.7013946635179308e-14,0,6558264.535182034,225693.28857950092,225693.28857950092,6783957.823761535,497784061.1959931,6783957.823761535
26-08,3135.7065317639417,418.0942042351923,2040.0,2213.26987318682,1609.2694779697229,430.7305220302771,0,478.5894689225305,604.0003952170971,0.0,0,6396841.3247984415,252529.06459603386,252529.06459603386,6649370.389394475,499684797.4088081,6649370.389394475
26-09,3148.481788323543,419.7975717764724,1960.0000000000002,2239.7590028039112,1553.1096946251055,406.89030537489475,0,452.1003393054394,686.6493081788054,0.0,0,6171024.305114144,288253.7122354572,288253.7122354572,6459278.017349602,501523703.3951746,6459278.017349602
26-10,3161.3090928597353,421.50787904796476,1900.0,2257.7022669570147,1509.258632362898,390.7413676371021,0,434.1570751523357,748.4436345941169,0.0,0,6006487.276433497,315474.8890047162,315474.8890047162,6321962.165438212,503316213.72236943,6321962.165438212
26-11,3174.188657422419,423.2251543229892,1900.0,2257.7022669570147,1509.258632362898,390.7413676371021,0,434.1570751523357,748.4436345941169,0.0,0,6030958.449102596,316760.17275315407,316760.17275315407,6347718.621855751,505108724.04956424,6347718.621855751
26-12,3187.1206949254106,424.94942599005475,1960.0000000000002,2239.7590028039112,1553.1096946251055,406.89030537489475,0,452.1003393054394,686.6493081788054,0.0,0,6246756.562053805,291791.22936705156,291791.22936705156,6538547.7914208565,506947630.03593075,6538547.7914208565
27-01,3200.1054191499643,426.68072255332856,2000.0000000000005,2212.0707246032525,1580.3036112840045,419.6963887159958,0,466.32932079555155,631.7671133192481,2.7013946635179308e-14,0,6400210.83829993,269562.84839648736,269562.84839648736,6669773.686696418,508815830.8083296,6669773.686696418
27-02,3213.1430447483053,428.41907263310736,2040.0,2198.826159794707,1608.3835029563131,431.61649704368693,0,479.5738856040969,590.4426568383941,0.0,0,6554811.811286543,252956.89548573285,252956.89548573285,6807768.706772275,510714946.6939527,6807768.706772275
27-03,3226.2337872471785,430.16450496629045,2099.9999999999995,2178.9593125818906,1650.5033404647756,449.4966595352238,0,499.4407328169137,528.4559721171141,2.7013946635179308e-14,0,6775090.953219074,227323.0016422382,227323.0016422382,7002413.954861312,512660435.2494121,7002413.954861312
27-04,3239.377863051412,431.9170484068549,2160.0,2159.0924653690695,1692.6231779732393,467.3768220267607,0,519.3075800297346,466.4692873958301,0.0,0,6997056.18419105,201476.03778445587,201476.03778445587,7198532.221975506,514652296.4747079,7198532.221975506
27-05,3252.575489447494,433.6767319263325,2200.0000000000005,2145.847900560523,1720.7030696455483,479.2969303544522,0,532.55214483828,425.1448309149758,0.0,0,7155666.076784488,184375.4208665799,184375.4208665799,7340041.497651068,516675072.81322795,7340041.497651068
27-06,3265.8268846071637,435.44358461428845,2160.0,2159.0924653690695,1692.6231779732393,467.3768220267607,0,519.3075800297346,466.4692873958301,0.0,0,7054186.070751473,203121.058616113,203121.058616113,7257307.129367586,518666934.03852373,7257307.129367586
27-07,3279.13226759102,437.2176356788026,2099.9999999999995,2178.9593125818906,1650.5033404647756,449.4966595352238,0,499.4407328169137,528.4559721171141,2.7013946635179308e-14,0,6886177.7619411405,231050.27068938786,231050.27068938786,7117228.032630528,520612422.5939832,7117228.032630528
27-08,3292.491858352141,438.9989144469521,2040.0,2198.826159794707,1608.3835029563131,431.61649704368693,0,479.5738856040969,590.4426568383941,0.0,0,6716683.391038368,259203.68539522926,259203.68539522926,6975887.076433598,522511538.4796063,6975887.076433598
27-09,3305.905877739722,440.7874503652962,1960.0000000000002,2225.315289411799,1552.2237196116957,407.7762803883045,0,453.0847559870054,673.0915698001029,0.0,0,6479575.520369857,296690.31691456214,296690.31691456214,6776265.837284419,524348824.1387809,6776265.837284419
27-10,3319.3745475027245,442.5832730003632,1900.0,2244.2429702464683,1509.258632362898,390.7413676371021,0,434.15707515233584,734.98433788357,0.0,0,6306811.640255176,325291.77386451524,325291.77386451524,6632103.414119692,526139725.9038517,6632103.414119692
27-11,3332.8980902935423,444.3864120391389,1900.0,2244.2429702464683,1509.258632362898,390.7413676371021,0,434.15707515233584,734.98433788357,0.0,0,6332506.37155773,326617.0528170418,326617.0528170418,6659123.424374772,527930627.6689225,6659123.424374772
27-12,3346.476729671683,446.19689728955774,1960.0000000000002,2225.315289411799,1552.2237196116957,407.7762803883045,0,453.0847559870054,673.0915698001029,0.0,0,6559094.3901565,300331.3700365637,300331.3700365637,6859425.760193064,529767913.3280971,6859425.760193064
28-01,3360.1106901074645,448.0147586809952,2000.0000000000005,2197.6992297781,1579.4220661456618,420.5779338543386,0,467.3088153937102,618.2771636324386,0.0,0,6720221.3802149305,276997.2942627572,276997.2942627572,6997218.674477688,531634501.87494004,6997218.674477688
28-02,3373.8001969857223,449.8400262647629,2040.0,2184.454664969555,1607.5019578179702,432.4980421820298,0,480.5533802022555,576.9527071515846,0.0,0,6882552.401850874,259536.42093859488,259536.42093859488,7142088.822789469,533532005.5350072,7142088.822789469
28-03,3387.5454766095395,451.67273021460517,2099.9999999999995,2164.587817756737,1649.621795326433,450.37820467356664,0,500.4202274150734,514.9660224303038,0.0,0,7113845.500880032,232596.10931885094,232596.10931885094,7346441.610198882,535475881.86491066,7346441.610198882
28-04,3401.346756203985,453.5129008271979,2160.0,2144.7209705439177,1691.7416328348963,468.25836716510355,0,520.2870746278925,452.9793377090213,0.0,0,7346908.993400607,205431.97345920117,205431.97345920117,7552340.966859808,537466130.8646505,7552340.966859808
28-05,3415.2042639198708,455.3605685226493,2200.0000000000005,2131.476405735371,1719.8215245072056,480.178475492795,0,533.5316394364389,411.6548812281661,0.0,0,7513449.380623717,187451.4007511814,187451.4007511814,7700900.781374898,539487294.9776145,7700900.781374898
28-06,3429.118228837524,457.2157638450031,2160.0,2144.7209705439177,1691.7416328348963,468.25836716510355,0,520.2870746278925,452.9793377090213,0.0,0,7406895.374289052,207109.29389663378,207109.29389663378,7614004.668185686,541477543.9773544,7614004.668185686
28-07,3443.088880970573,459.078517462743,2099.9999999999995,2164.587817756737,1649.621795326433,450.37820467356664,0,500.4202274150734,514.9660224303038,0.0,0,7230486.650038201,236409.83812098953,236409.83812098953,7466896.488159191,543421420.3072579,7466896.488159191
28-08,3457.1164512697505,460.94886016929996,2040.0,2184.454664969555,1607.5019578179702,432.4980421820298,0,480.5533802022555,576.9527071515846,0.0,0,7052517.560590291,265945.6927331148,265945.6927331148,7318463.253323406,545318923.9673251,7318463.253323406
28-09,3471.2011716267107,462.8268228835613,1960.0000000000002,2210.943794586646,1551.3421744733528,408.65782552664734,0,454.0642505851645,659.6016201132929,0.0,0,6803554.296388354,305281.32220588514,305281.32220588514,7108835.6185942395,547154597.4009438,7108835.6185942395
28-10,3485.343274877863,464.7124366503816,1900.0,2230.810641799465,1509.2223369648896,390.77766303511044,0,434.19740337234543,721.5883048345751,0.0,0,6622152.22226794,335331.0593980937,335331.0593980937,6957483.281666033,548943898.164726,6957483.281666033
28-11,3499.542994808222,466.6057326410961,1900.0,2230.810641799465,1509.2223369648896,390.77766303511044,0,434.19740337234543,721.5883048345751,0.0,0,6649131.6901356215,336697.2396425835,336697.2396425835,6985828.929778205,550733198.9285083,6985828.929778205
28-12,3513.80056615527,468.50674215403586,1960.0000000000002,2210.943794586646,1551.3421744733528,408.65782552664734,0,454.0642505851645,659.6016201132929,0.0,0,6887049.10966433,309027.8061588028,309027.8061588028,7196076.915823133,552568872.362127,7196076.915823133
29-01,3528.1162246128406,470.41549661504524,2000.0000000000005,2183.3995924270735,1578.5449287330107,421.4550712669897,0,468.2834125188781,604.854663694063,0.0,0,7056232.449225683,284533.0070015688,284533.0070015688,7340765.456227251,554433856.7445416,7340765.456227251
29-02,3542.4902068350116,472.3320275780014,2040.0,2170.155027618528,1606.624820405319,433.37517959468084,0,481.52797732742346,563.5302072132091,0.0,0,7226680.021943424,266173.3653744663,266173.3653744663,7492853.38731789,556329756.2401806,7492853.38731789
29-03,3556.9227504400196,474.25636672533574,2099.9999999999995,2150.2881804057115,1648.7446579137818,451.25534208621775,0,501.3948245402407,501.5435224919288,0.0,0,7469537.77592404,237860.20873164886,237860.20873164886,7707397.9846556885,558272028.405656,7707397.9846556885
29-04,3571.4140940141874,476.1885458685581,2160.0,2130.421333192891,1690.8644954222455,469.13550457775466,0,521.2616717530609,439.5568377706455,0.0,0,7714254.4430706445,209311.93140458537,209311.93140458537,7923566.3744752295,560260673.2409676,7923566.3744752295
29-05,3585.9644771158673,478.1285969487821,2200.0000000000005,2117.176768384345,1718.9443870945543,481.0556129054461,0,534.5062365616067,398.2323812897908,0.0,0,7889121.84965491,190406.28972566008,190406.28972566008,8079528.1393805705,562280233.1895036,8079528.1393805705
29-06,3600.5741402794033,480.0765520372536,2160.0,2130.421333192891,1690.8644954222455,469.13550457775466,0,521.2616717530609,439.5568377706455,0.0,0,7777240.143003511,211020.93110132992,211020.93110132992,7988261.074104841,564268878.0248152,7988261.074104841
29-07,3615.2433250191048,482.03244333588043,2099.9999999999995,2150.2881804057115,1648.7446579137818,451.25534208621775,0,501.3948245402407,501.5435224919288,0.0,0,7592010.9825401185,241760.24958606853,241760.24958606853,7833771.232126187,566211150.1902906,7833771.232126187
29-08,3629.972273833241,483.99630317776524,2040.0,2170.155027618528,1606.624820405319,433.37517959468084,0,481.52797732742346,563.5302072132091,0.0,0,7405143.438619812,272746.53702019324,272746.53702019324,7677889.975640005,568107049.6859295,7677889.975640005
29-09,3644.7612302080493,485.96816402773965,1960.0000000000002,2196.64415723562,1550.465037060702,409.53496293929845,0,455.0388477103322,646.1791201749176,0.0,0,7143732.011207777,314022.4806644648,314022.4806644648,7457754.491872242,569941118.9551201,7457754.491872242
29-10,3659.6104386217594,487.948058482901,1900.0,2216.511004448439,1508.3451995522385,391.65480044776155,0,435.17200049751284,708.1658048962003,0.0,0,6953259.833381343,345548.12958308175,345548.12958308175,7298807.962964425,571728815.5544742,7298807.962964425
29-11,3674.520144548636,489.9360192731512,1900.0,2216.511004448439,1508.3451995522385,391.65480044776155,0,435.17200049751284,708.1658048962003,0.0,0,6981588.274642408,346955.9354362114,346955.9354362114,7328544.210078619,573516512.1538284,7328544.210078619
29-12,3689.4905944630364,491.93207926173795,1960.0000000000002,2196.64415723562,1550.465037060702,409.53496293929845,0,455.0388477103322,646.1791201749176,0.0,0,7231401.565147552,317876.2381631676,317876.2381631676,7549277.803310719,575350581.4230189,7549277.803310719
30-01,3704.522035843485,493.9362714457978,2000.0000000000005,2169.1714532628016,1577.6721770074228,422.3278229925776,0,469.2531366584201,591.4992762553786,2.7013946635179308e-14,0,7409044.071686972,292162.9470764696,292162.9470764696,7701207.018763442,577213969.6618277,7701207.018763442
30-02,3719.6147171767643,495.9486289569017,2040.0,2155.9268884542553,1605.752068679731,434.2479313202688,0,482.49770146696585,550.1748197745243,0.0,0,7588014.023040599,272858.4475537858,272858.4475537858,7860872.470594385,579108273.0138607,7860872.470594385
30-03,3734.7688879620227,497.9691850616028,2099.9999999999995,2136.0600412414387,1647.8719061881939,452.1280938118057,0,502.36454867978307,488.18813505324385,2.7013946635179308e-14,0,7843014.664720246,243102.6477692075,243102.6477692075,8086117.312489453,581048949.03573,8086117.312489453
30-04,3749.9847987148987,499.99797316198624,2160.0,2116.1931940286177,1689.9917436966575,470.0082563033426,0,522.231395892603,426.2014503319608,0.0,0,8099967.1652241815,213099.86132467934,213099.86132467934,8313067.026548861,583035997.7274357,8313067.026548861
30-05,3765.262700971663,502.0350267962215,2200.0000000000005,2102.9486292200736,1718.0716353689666,481.92836463103396,0,535.4759607011483,384.8769938511065,0.0,0,8283577.94213766,193221.7319212894,193221.7319212894,8476799.67405895,585053961.5323657,8476799.67405895
30-06,3780.602847293376,504.0803796391165,2160.0,2116.1931940286177,1689.9917436966575,470.0082563033426,0,522.231395892603,426.2014503319608,0.0,0,8166102.150153692,214839.78888607686,214839.78888607686,8380941.939039769,587041010.2240714,8380941.939039769
30-07,3796.0054912700625,506.1340655026747,2099.9999999999995,2136.0600412414387,1647.8719061881939,452.1280938118057,0,502.36454867978307,488.18813505324385,2.7013946635179308e-14,0,7971611.531667129,247088.6455246671,247088.6455246671,8218700.177191796,588981686.2459407,8218700.177191796
30-08,3811.4708875249057,508.19611833665374,2040.0,2155.9268884542553,1605.752068679731,434.2479313202688,0,482.49770146696585,550.1748197745243,0.0,0,7775400.610550808,279596.7078159813,279596.7078159813,8054997.318366789,590875989.5979737,8054997.318366789
30-09,3826.999291718454,510.2665722291269,1960.0000000000002,2182.4160180713466,1549.592285335114,410.4077146648864,0,456.00857184987467,632.8237327362327,0.0,0,7500918.611768171,322908.7969285586,322908.7969285586,7823827.40869673,592708462.7235582,7823827.40869673
30-10,3842.5909605528495,512.3454614070463,1900.0,2202.2828652841663,1507.4724478266505,392.5275521733495,0,436.14172463705484,694.8104174575158,0.0,0,7300922.825050415,355982.96392269334,355982.96392269334,7656905.788973108,594494563.1793064,7656905.788973108
30-11,3858.2461517760703,514.432820236809,1900.0,2202.2828652841663,1507.4724478266505,392.5275521733495,0,436.14172463705484,694.8104174575158,0.0,0,7330667.688374533,357433.2825825844,357433.2825825844,7688100.970957118,596280663.6350546,7688100.970957118
30-12,3873.965124186191,516.528683224825,1960.0000000000002,2182.4160180713466,1549.592285335114,410.4077146648864,0,456.00857184987467,632.8237327362327,0.0,0,7592971.6434049355,326871.6093836649,326871.6093836649,7919843.2527886005,598113136.7606391,7919843.2527886005
