scan_order,candidate_key,kWp,battery,NPV_COP,payback_years,capex_client,self_consumption_ratio,self_sufficiency_ratio,annual_import_kwh,annual_export_kwh,peak_ratio,best_battery_for_kwp
1,4.200::BAT-5,4.2,BAT-5,141503447.30982086,4.583333333333333,27300000.0,0.27500637435102593,0.2750063743510257,17776.84370091285,0.0,0.4318399737984802,True
2,4.200::BAT-10,4.2,BAT-10,141503447.30982086,4.583333333333333,27300000.0,0.27500637435102593,0.2750063743510257,17776.84370091285,0.0,0.4318399737984802,False
3,4.200::BAT-15,4.2,BAT-15,141503447.30982086,4.583333333333333,27300000.0,0.27500637435102593,0.2750063743510257,17776.84370091285,0.0,0.4318399737984802,False
4,4.200::BAT-20,4.2,BAT-20,141503447.30982086,4.583333333333333,27300000.0,0.27500637435102593,0.2750063743510257,17776.84370091285,0.0,0.4318399737984802,False
5,4.200::BAT-21,4.2,BAT-21,141503447.30982086,4.583333333333333,27300000.0,0.27500637435102593,0.2750063743510257,17776.84370091285,0.0,0.4318399737984802,False
6,4.200::BAT-22,4.2,BAT-22,141503447.30982086,4.583333333333333,27300000.0,0.27500637435102593,0.2750063743510257,17776.84370091285,0.0,0.4318399737984802,False
7,4.200::BAT-23,4.2,BAT-23,141503447.30982086,4.583333333333333,27300000.0,0.27500637435102593,0.2750063743510257,17776.84370091285,0.0,0.4318399737984802,False
8,4.200::BAT-24,4.2,BAT-24,141503447.30982086,4.583333333333333,27300000.0,0.27500637435102593,0.2750063743510257,17776.84370091285,0.0,0.4318399737984802,False
9,4.200::BAT-25,4.2,BAT-25,141503447.30982086,4.583333333333333,27300000.0,0.27500637435102593,0.2750063743510257,17776.84370091285,0.0,0.4318399737984802,False
10,4.200::BAT-26,4.2,BAT-26,141503447.30982086,4.583333333333333,27300000.0,0.27500637435102593,0.2750063743510257,17776.84370091285,0.0,0.4318399737984802,False
11,4.200::BAT-27,4.2,BAT-27,141503447.30982086,4.583333333333333,27300000.0,0.27500637435102593,0.2750063743510257,17776.84370091285,0.0,0.4318399737984802,False
12,4.200::BAT-28,4.2,BAT-28,141503447.30982086,4.583333333333333,27300000.0,0.27500637435102593,0.2750063743510257,17776.84370091285,0.0,0.4318399737984802,False
13,4.200::BAT-29,4.2,BAT-29,141503447.30982086,4.583333333333333,27300000.0,0.27500637435102593,0.2750063743510257,17776.84370091285,0.0,0.4318399737984802,False
14,4.200::BAT-30,4.2,BAT-30,141503447.30982086,4.583333333333333,27300000.0,0.27500637435102593,0.2750063743510257,17776.84370091285,0.0,0.4318399737984802,False
15,4.200::BAT-31,4.2,BAT-31,141503447.30982086,4.583333333333333,27300000.0,0.27500637435102593,0.2750063743510257,17776.84370091285,0.0,0.4318399737984802,False
16,4.200::BAT-32,4.2,BAT-32,141503447.30982086,4.583333333333333,27300000.0,0.27500637435102593,0.2750063743510257,17776.84370091285,0.0,0.4318399737984802,False
0,4.200::None,4.2,None,141410927.58618137,4.583333333333333,27300000.0,0.2743919001171107,0.27439190011711057,17791.91060912845,16.741009128446418,0.4318399737984802,False
18,4.800::BAT-5,4.8,BAT-5,161618178.82960483,4.583333333333333,31200000.0,0.31405858092772376,0.31405858092772354,16819.283595652218,0.0,0.49353139862683437,True
19,4.800::BAT-10,4.8,BAT-10,161618178.82960483,4.583333333333333,31200000.0,0.31405858092772376,0.31405858092772354,16819.283595652218,0.0,0.49353139862683437,False
20,4.800::BAT-15,4.8,BAT-15,161618178.82960483,4.583333333333333,31200000.0,0.31405858092772376,0.31405858092772354,16819.283595652218,0.0,0.49353139862683437,False
21,4.800::BAT-20,4.8,BAT-20,161618178.82960483,4.583333333333333,31200000.0,0.31405858092772376,0.31405858092772354,16819.283595652218,0.0,0.49353139862683437,False
22,4.800::BAT-21,4.8,BAT-21,161618178.82960483,4.583333333333333,31200000.0,0.31405858092772376,0.31405858092772354,16819.283595652218,0.0,0.49353139862683437,False
23,4.800::BAT-22,4.8,BAT-22,161618178.82960483,4.583333333333333,31200000.0,0.31405858092772376,0.31405858092772354,16819.283595652218,0.0,0.49353139862683437,False
24,4.800::BAT-23,4.8,BAT-23,161618178.82960483,4.583333333333333,31200000.0,0.31405858092772376,0.31405858092772354,16819.283595652218,0.0,0.49353139862683437,False
25,4.800::BAT-24,4.8,BAT-24,161618178.82960483,4.583333333333333,31200000.0,0.31405858092772376,0.31405858092772354,16819.283595652218,0.0,0.49353139862683437,False
26,4.800::BAT-25,4.8,BAT-25,161618178.82960483,4.583333333333333,31200000.0,0.31405858092772376,0.31405858092772354,16819.283595652218,0.0,0.49353139862683437,False
27,4.800::BAT-26,4.8,BAT-26,161618178.82960483,4.583333333333333,31200000.0,0.31405858092772376,0.31405858092772354,16819.283595652218,0.0,0.49353139862683437,False
28,4.800::BAT-27,4.8,BAT-27,161618178.82960483,4.583333333333333,31200000.0,0.31405858092772376,0.31405858092772354,16819.283595652218,0.0,0.49353139862683437,False
29,4.800::BAT-28,4.8,BAT-28,161618178.82960483,4.583333333333333,31200000.0,0.31405858092772376,0.31405858092772354,16819.283595652218,0.0,0.49353139862683437,False
30,4.800::BAT-29,4.8,BAT-29,161618178.82960483,4.583333333333333,31200000.0,0.31405858092772376,0.31405858092772354,16819.283595652218,0.0,0.49353139862683437,False
31,4.800::BAT-30,4.8,BAT-30,161618178.82960483,4.583333333333333,31200000.0,0.31405858092772376,0.31405858092772354,16819.283595652218,0.0,0.49353139862683437,False
32,4.800::BAT-31,4.8,BAT-31,161618178.82960483,4.583333333333333,31200000.0,0.31405858092772376,0.31405858092772354,16819.283595652218,0.0,0.49353139862683437,False
33,4.800::BAT-32,4.8,BAT-32,161618178.82960483,4.583333333333333,31200000.0,0.31405858092772376,0.31405858092772354,16819.283595652218,0.0,0.49353139862683437,False
17,4.800::None,4.8,None,160745417.55303308,4.666666666666667,31200000.0,0.3112465596850681,0.311246559685068,16888.234356522134,76.61195652212947,0.49353139862683437,False
35,5.400::BAT-5,5.4,BAT-5,184918215.17090574,4.166666666666667,31860000.000000004,0.353096286075849,0.35309628607584886,15862.079065420185,0.0,0.5552228234551889,True
36,5.400::BAT-10,5.4,BAT-10,184918215.17090574,4.166666666666667,31860000.000000004,0.353096286075849,0.35309628607584886,15862.079065420185,0.0,0.5552228234551889,False
37,5.400::BAT-15,5.4,BAT-15,184918215.17090574,4.166666666666667,31860000.000000004,0.353096286075849,0.35309628607584886,15862.079065420185,0.0,0.5552228234551889,False
38,5.400::BAT-20,5.4,BAT-20,184918215.17090574,4.166666666666667,31860000.000000004,0.353096286075849,0.35309628607584886,15862.079065420185,0.0,0.5552228234551889,False
39,5.400::BAT-21,5.4,BAT-21,184918215.17090574,4.166666666666667,31860000.000000004,0.353096286075849,0.35309628607584886,15862.079065420185,0.0,0.5552228234551889,False
40,5.400::BAT-22,5.4,BAT-22,184918215.17090574,4.166666666666667,31860000.000000004,0.353096286075849,0.35309628607584886,15862.079065420185,0.0,0.5552228234551889,False
41,5.400::BAT-23,5.4,BAT-23,184918215.17090574,4.166666666666667,31860000.000000004,0.353096286075849,0.35309628607584886,15862.079065420185,0.0,0.5552228234551889,False
42,5.400::BAT-24,5.4,BAT-24,184918215.17090574,4.166666666666667,31860000.000000004,0.353096286075849,0.35309628607584886,15862.079065420185,0.0,0.5552228234551889,False
43,5.400::BAT-25,5.4,BAT-25,184918215.17090574,4.166666666666667,31860000.000000004,0.353096286075849,0.35309628607584886,15862.079065420185,0.0,0.5552228234551889,False
44,5.400::BAT-26,5.4,BAT-26,184918215.17090574,4.166666666666667,31860000.000000004,0.353096286075849,0.35309628607584886,15862.079065420185,0.0,0.5552228234551889,False
45,5.400::BAT-27,5.4,BAT-27,184918215.17090574,4.166666666666667,31860000.000000004,0.353096286075849,0.35309628607584886,15862.079065420185,0.0,0.5552228234551889,False
46,5.400::BAT-28,5.4,BAT-28,184918215.17090574,4.166666666666667,31860000.000000004,0.353096286075849,0.35309628607584886,15862.079065420185,0.0,0.5552228234551889,False
47,5.400::BAT-29,5.4,BAT-29,184918215.17090574,4.166666666666667,31860000.000000004,0.353096286075849,0.35309628607584886,15862.079065420185,0.0,0.5552228234551889,False
48,5.400::BAT-30,5.4,BAT-30,184918215.17090574,4.166666666666667,31860000.000000004,0.353096286075849,0.35309628607584886,15862.079065420185,0.0,0.5552228234551889,False
49,5.400::BAT-31,5.4,BAT-31,184918215.17090574,4.166666666666667,31860000.000000004,0.353096286075849,0.35309628607584886,15862.079065420185,0.0,0.5552228234551889,False
50,5.400::BAT-32,5.4,BAT-32,184918215.17090574,4.166666666666667,31860000.000000004,0.353096286075849,0.35309628607584886,15862.079065420185,0.0,0.5552228234551889,False
34,5.400::None,5.4,None,182845882.6396979,4.25,31860000.000000004,0.34795620496729945,0.3479562049672994,15988.11385420182,140.03865420181688,0.5552228234551889,False
52,6.000::BAT-5,6.0,BAT-5,205335967.44100592,4.166666666666667,35400000.0,0.3921339912239743,0.3921339912239742,14904.874535188152,0.0,0.6169142482835432,True
53,6.000::BAT-10,6.0,BAT-10,205335967.44100592,4.166666666666667,35400000.0,0.3921339912239743,0.3921339912239742,14904.874535188152,0.0,0.6169142482835432,False
54,6.000::BAT-15,6.0,BAT-15,205335967.44100592,4.166666666666667,35400000.0,0.3921339912239743,0.3921339912239742,14904.874535188152,0.0,0.6169142482835432,False
55,6.000::BAT-20,6.0,BAT-20,205335967.44100592,4.166666666666667,35400000.0,0.3921339912239743,0.3921339912239742,14904.874535188152,0.0,0.6169142482835432,False
56,6.000::BAT-21,6.0,BAT-21,205335967.44100592,4.166666666666667,35400000.0,0.3921339912239743,0.3921339912239742,14904.874535188152,0.0,0.6169142482835432,False
57,6.000::BAT-22,6.0,BAT-22,205335967.44100592,4.166666666666667,35400000.0,0.3921339912239743,0.3921339912239742,14904.874535188152,0.0,0.6169142482835432,False
58,6.000::BAT-23,6.0,BAT-23,205335967.44100592,4.166666666666667,35400000.0,0.3921339912239743,0.3921339912239742,14904.874535188152,0.0,0.6169142482835432,False
59,6.000::BAT-24,6.0,BAT-24,205335967.44100592,4.166666666666667,35400000.0,0.3921339912239743,0.3921339912239742,14904.874535188152,0.0,0.6169142482835432,False
60,6.000::BAT-25,6.0,BAT-25,205335967.44100592,4.166666666666667,35400000.0,0.3921339912239743,0.3921339912239742,14904.874535188152,0.0,0.6169142482835432,False
61,6.000::BAT-26,6.0,BAT-26,205335967.44100592,4.166666666666667,35400000.0,0.3921339912239743,0.3921339912239742,14904.874535188152,0.0,0.6169142482835432,False
62,6.000::BAT-27,6.0,BAT-27,205335967.44100592,4.166666666666667,35400000.0,0.3921339912239743,0.3921339912239742,14904.874535188152,0.0,0.6169142482835432,False
63,6.000::BAT-28,6.0,BAT-28,205335967.44100592,4.166666666666667,35400000.0,0.3921339912239743,0.3921339912239742,14904.874535188152,0.0,0.6169142482835432,False
64,6.000::BAT-29,6.0,BAT-29,205335967.44100592,4.166666666666667,35400000.0,0.3921339912239743,0.3921339912239742,14904.874535188152,0.0,0.6169142482835432,False
65,6.000::BAT-30,6.0,BAT-30,205335967.44100592,4.166666666666667,35400000.0,0.3921339912239743,0.3921339912239742,14904.874535188152,0.0,0.6169142482835432,False
66,6.000::BAT-31,6.0,BAT-31,205335967.44100592,4.166666666666667,35400000.0,0.3921339912239743,0.3921339912239742,14904.874535188152,0.0,0.6169142482835432,False
67,6.000::BAT-32,6.0,BAT-32,205335967.44100592,4.166666666666667,35400000.0,0.3921339912239743,0.3921339912239742,14904.874535188152,0.0,0.6169142482835432,False
51,6.000::None,6.0,None,202046552.44262305,4.25,35400000.0,0.38466585024953087,0.3846658502495308,15087.993351881505,203.4653518815043,0.6169142482835432,False
69,6.600::BAT-5,6.6,BAT-5,225753719.71110615,4.166666666666667,38940000.0,0.4311716963720995,0.4311716963720995,13947.670004956119,0.0,0.6786056731118975,True
70,6.600::BAT-10,6.6,BAT-10,225753719.71110615,4.166666666666667,38940000.0,0.4311716963720995,0.4311716963720995,13947.670004956119,0.0,0.6786056731118975,False
71,6.600::BAT-15,6.6,BAT-15,225753719.71110615,4.166666666666667,38940000.0,0.4311716963720995,0.4311716963720995,13947.670004956119,0.0,0.6786056731118975,False
72,6.600::BAT-20,6.6,BAT-20,225753719.71110615,4.166666666666667,38940000.0,0.4311716963720995,0.4311716963720995,13947.670004956119,0.0,0.6786056731118975,False
73,6.600::BAT-21,6.6,BAT-21,225753719.71110615,4.166666666666667,38940000.0,0.4311716963720995,0.4311716963720995,13947.670004956119,0.0,0.6786056731118975,False
74,6.600::BAT-22,6.6,BAT-22,225753719.71110615,4.166666666666667,38940000.0,0.4311716963720995,0.4311716963720995,13947.670004956119,0.0,0.6786056731118975,False
75,6.600::BAT-23,6.6,BAT-23,225753719.71110615,4.166666666666667,38940000.0,0.4311716963720995,0.4311716963720995,13947.670004956119,0.0,0.6786056731118975,False
76,6.600::BAT-24,6.6,BAT-24,225753719.71110615,4.166666666666667,38940000.0,0.4311716963720995,0.4311716963720995,13947.670004956119,0.0,0.6786056731118975,False
77,6.600::BAT-25,6.6,BAT-25,225753719.71110615,4.166666666666667,38940000.0,0.4311716963720995,0.4311716963720995,13947.670004956119,0.0,0.6786056731118975,False
78,6.600::BAT-26,6.6,BAT-26,225753719.71110615,4.166666666666667,38940000.0,0.4311716963720995,0.4311716963720995,13947.670004956119,0.0,0.6786056731118975,False
79,6.600::BAT-27,6.6,BAT-27,225753719.71110615,4.166666666666667,38940000.0,0.4311716963720995,0.4311716963720995,13947.670004956119,0.0,0.6786056731118975,False
80,6.600::BAT-28,6.6,BAT-28,225753719.71110615,4.166666666666667,38940000.0,0.4311716963720995,0.4311716963720995,13947.670004956119,0.0,0.6786056731118975,False
81,6.600::BAT-29,6.6,BAT-29,225753719.71110615,4.166666666666667,38940000.0,0.4311716963720995,0.4311716963720995,13947.670004956119,0.0,0.6786056731118975,False
82,6.600::BAT-30,6.6,BAT-30,225753719.71110615,4.166666666666667,38940000.0,0.4311716963720995,0.4311716963720995,13947.670004956119,0.0,0.6786056731118975,False
83,6.600::BAT-31,6.6,BAT-31,225753719.71110615,4.166666666666667,38940000.0,0.4311716963720995,0.4311716963720995,13947.670004956119,0.0,0.6786056731118975,False
84,6.600::BAT-32,6.6,BAT-32,225753719.71110615,4.166666666666667,38940000.0,0.4311716963720995,0.4311716963720995,13947.670004956119,0.0,0.6786056731118975,False
68,6.600::None,6.6,None,221247222.24554878,4.25,38940000.0,0.4213754955317621,0.4213754955317621,14187.872849561194,266.8920495611916,0.6786056731118975,False
86,7.200::BAT-5,7.2,BAT-5,246171471.98120597,4.166666666666667,42480000.0,0.47020940152022483,0.4702094015202247,12990.46547472409,0.0,0.7402970979402519,True
87,7.200::BAT-10,7.2,BAT-10,246171471.98120597,4.166666666666667,42480000.0,0.47020940152022483,0.4702094015202247,12990.46547472409,0.0,0.7402970979402519,False
88,7.200::BAT-15,7.2,BAT-15,246171471.98120597,4.166666666666667,42480000.0,0.47020940152022483,0.4702094015202247,12990.46547472409,0.0,0.7402970979402519,False
89,7.200::BAT-20,7.2,BAT-20,246171471.98120597,4.166666666666667,42480000.0,0.47020940152022483,0.4702094015202247,12990.46547472409,0.0,0.7402970979402519,False
90,7.200::BAT-21,7.2,BAT-21,246171471.98120597,4.166666666666667,42480000.0,0.47020940152022483,0.4702094015202247,12990.46547472409,0.0,0.7402970979402519,False
91,7.200::BAT-22,7.2,BAT-22,246171471.98120597,4.166666666666667,42480000.0,0.47020940152022483,0.4702094015202247,12990.46547472409,0.0,0.7402970979402519,False
92,7.200::BAT-23,7.2,BAT-23,246171471.98120597,4.166666666666667,42480000.0,0.47020940152022483,0.4702094015202247,12990.46547472409,0.0,0.7402970979402519,False
93,7.200::BAT-24,7.2,BAT-24,246171471.98120597,4.166666666666667,42480000.0,0.47020940152022483,0.4702094015202247,12990.46547472409,0.0,0.7402970979402519,False
94,7.200::BAT-25,7.2,BAT-25,246171471.98120597,4.166666666666667,42480000.0,0.47020940152022483,0.4702094015202247,12990.46547472409,0.0,0.7402970979402519,False
95,7.200::BAT-26,7.2,BAT-26,246171471.98120597,4.166666666666667,42480000.0,0.47020940152022483,0.4702094015202247,12990.46547472409,0.0,0.7402970979402519,False
96,7.200::BAT-27,7.2,BAT-27,246171471.98120597,4.166666666666667,42480000.0,0.47020940152022483,0.4702094015202247,12990.46547472409,0.0,0.7402970979402519,False
97,7.200::BAT-28,7.2,BAT-28,246171471.98120597,4.166666666666667,42480000.0,0.47020940152022483,0.4702094015202247,12990.46547472409,0.0,0.7402970979402519,False
98,7.200::BAT-29,7.2,BAT-29,246171471.98120597,4.166666666666667,42480000.0,0.47020940152022483,0.4702094015202247,12990.46547472409,0.0,0.7402970979402519,False
99,7.200::BAT-30,7.2,BAT-30,246171471.98120597,4.166666666666667,42480000.0,0.47020940152022483,0.4702094015202247,12990.46547472409,0.0,0.7402970979402519,False
100,7.200::BAT-31,7.2,BAT-31,246171471.98120597,4.166666666666667,42480000.0,0.47020940152022483,0.4702094015202247,12990.46547472409,0.0,0.7402970979402519,False
101,7.200::BAT-32,7.2,BAT-32,246171471.98120597,4.166666666666667,42480000.0,0.47020940152022483,0.4702094015202247,12990.46547472409,0.0,0.7402970979402519,False
85,7.200::None,7.2,None,240447892.0484741,4.25,42480000.0,0.4580851408139935,0.45808514081399343,13287.752347240881,330.31874724087896,0.7402970979402519,False
103,7.800::BAT-5,7.8,BAT-5,266585634.89482412,4.166666666666667,46020000.0,0.5092151473817313,0.5092151473817312,12034.04458619995,0.0,0.8019885227686061,True
104,7.800::BAT-10,7.8,BAT-10,266585634.89482412,4.166666666666667,46020000.0,0.5092151473817313,0.5092151473817312,12034.04458619995,0.0,0.8019885227686061,False
105,7.800::BAT-15,7.8,BAT-15,266585634.89482412,4.166666666666667,46020000.0,0.5092151473817313,0.5092151473817312,12034.04458619995,0.0,0.8019885227686061,False
106,7.800::BAT-20,7.8,BAT-20,266585634.89482412,4.166666666666667,46020000.0,0.5092151473817313,0.5092151473817312,12034.04458619995,0.0,0.8019885227686061,False
107,7.800::BAT-21,7.8,BAT-21,266585634.89482412,4.166666666666667,46020000.0,0.5092151473817313,0.5092151473817312,12034.04458619995,0.0,0.8019885227686061,False
108,7.800::BAT-22,7.8,BAT-22,266585634.89482412,4.166666666666667,46020000.0,0.5092151473817313,0.5092151473817312,12034.04458619995,0.0,0.8019885227686061,False
109,7.800::BAT-23,7.8,BAT-23,266585634.89482412,4.166666666666667,46020000.0,0.5092151473817313,0.5092151473817312,12034.04458619995,0.0,0.8019885227686061,False
110,7.800::BAT-24,7.8,BAT-24,266585634.89482412,4.166666666666667,46020000.0,0.5092151473817313,0.5092151473817312,12034.04458619995,0.0,0.8019885227686061,False
111,7.800::BAT-25,7.8,BAT-25,266585634.89482412,4.166666666666667,46020000.0,0.5092151473817313,0.5092151473817312,12034.04458619995,0.0,0.8019885227686061,False
112,7.800::BAT-26,7.8,BAT-26,266585634.89482412,4.166666666666667,46020000.0,0.5092151473817313,0.5092151473817312,12034.04458619995,0.0,0.8019885227686061,False
113,7.800::BAT-27,7.8,BAT-27,266585634.89482412,4.166666666666667,46020000.0,0.5092151473817313,0.5092151473817312,12034.04458619995,0.0,0.8019885227686061,False
114,7.800::BAT-28,7.8,BAT-28,266585634.89482412,4.166666666666667,46020000.0,0.5092151473817313,0.5092151473817312,12034.04458619995,0.0,0.8019885227686061,False
115,7.800::BAT-29,7.8,BAT-29,266585634.89482412,4.166666666666667,46020000.0,0.5092151473817313,0.5092151473817312,12034.04458619995,0.0,0.8019885227686061,False
116,7.800::BAT-30,7.8,BAT-30,266585634.89482412,4.166666666666667,46020000.0,0.5092151473817313,0.5092151473817312,12034.04458619995,0.0,0.8019885227686061,False
117,7.800::BAT-31,7.8,BAT-31,266585634.89482412,4.166666666666667,46020000.0,0.5092151473817313,0.5092151473817312,12034.04458619995,0.0,0.8019885227686061,False
118,7.800::BAT-32,7.8,BAT-32,266585634.89482412,4.166666666666667,46020000.0,0.5092151473817313,0.5092151473817312,12034.04458619995,0.0,0.8019885227686061,False
102,7.800::None,7.8,None,259617454.09522003,4.25,46020000.0,0.4944751932300382,0.49447519323003786,12395.468261999471,401.5818619994652,0.8019885227686061,False
120,8.400::BAT-5,8.4,BAT-5,292012609.9436768,3.75,44520000.0,0.5481143943463499,0.5481143943463496,11080.235050627507,0.0,0.8636799475969604,True
121,8.400::BAT-10,8.4,BAT-10,292012609.9436768,3.75,44520000.0,0.5481143943463499,0.5481143943463496,11080.235050627507,0.0,0.8636799475969604,False
122,8.400::BAT-15,8.4,BAT-15,292012609.9436768,3.75,44520000.0,0.5481143943463499,0.5481143943463496,11080.235050627507,0.0,0.8636799475969604,False
123,8.400::BAT-20,8.4,BAT-20,292012609.9436768,3.75,44520000.0,0.5481143943463499,0.5481143943463496,11080.235050627507,0.0,0.8636799475969604,False
124,8.400::BAT-21,8.4,BAT-21,292012609.9436768,3.75,44520000.0,0.5481143943463499,0.5481143943463496,11080.235050627507,0.0,0.8636799475969604,False
125,8.400::BAT-22,8.4,BAT-22,292012609.9436768,3.75,44520000.0,0.5481143943463499,0.5481143943463496,11080.235050627507,0.0,0.8636799475969604,False
126,8.400::BAT-23,8.4,BAT-23,292012609.9436768,3.75,44520000.0,0.5481143943463499,0.5481143943463496,11080.235050627507,0.0,0.8636799475969604,False
127,8.400::BAT-24,8.4,BAT-24,292012609.9436768,3.75,44520000.0,0.5481143943463499,0.5481143943463496,11080.235050627507,0.0,0.8636799475969604,False
128,8.400::BAT-25,8.4,BAT-25,292012609.9436768,3.75,44520000.0,0.5481143943463499,0.5481143943463496,11080.235050627507,0.0,0.8636799475969604,False
129,8.400::BAT-26,8.4,BAT-26,292012609.9436768,3.75,44520000.0,0.5481143943463499,0.5481143943463496,11080.235050627507,0.0,0.8636799475969604,False
130,8.400::BAT-27,8.4,BAT-27,292012609.9436768,3.75,44520000.0,0.5481143943463499,0.5481143943463496,11080.235050627507,0.0,0.8636799475969604,False
131,8.400::BAT-28,8.4,BAT-28,292012609.9436768,3.75,44520000.0,0.5481143943463499,0.5481143943463496,11080.235050627507,0.0,0.8636799475969604,False
132,8.400::BAT-29,8.4,BAT-29,292012609.9436768,3.75,44520000.0,0.5481143943463499,0.5481143943463496,11080.235050627507,0.0,0.8636799475969604,False
133,8.400::BAT-30,8.4,BAT-30,292012609.9436768,3.75,44520000.0,0.5481143943463499,0.5481143943463496,11080.235050627507,0.0,0.8636799475969604,False
134,8.400::BAT-31,8.4,BAT-31,292012609.9436768,3.75,44520000.0,0.5481143943463499,0.5481143943463496,11080.235050627507,0.0,0.8636799475969604,False
135,8.400::BAT-32,8.4,BAT-32,292012609.9436768,3.75,44520000.0,0.5481143943463499,0.5481143943463496,11080.235050627507,0.0,0.8636799475969604,False
119,8.400::None,8.4,None,283591387.9806687,3.8333333333333335,44520000.0,0.5298002566772012,0.5298002566772012,11529.297706275027,498.95850627502136,0.8636799475969604,False
137,9.000::BAT-5,9.0,BAT-5,312704934.770241,3.75,47700000.0,0.5869142083053607,0.5869142083053607,10128.863612352556,0.0,0.9253713724253148,True
138,9.000::BAT-10,9.0,BAT-10,312704934.770241,3.75,47700000.0,0.5869142083053607,0.5869142083053607,10128.863612352556,0.0,0.9253713724253148,False
139,9.000::BAT-15,9.0,BAT-15,312704934.770241,3.75,47700000.0,0.5869142083053607,0.5869142083053607,10128.863612352556,0.0,0.9253713724253148,False
140,9.000::BAT-20,9.0,BAT-20,312704934.770241,3.75,47700000.0,0.5869142083053607,0.5869142083053607,10128.863612352556,0.0,0.9253713724253148,False
141,9.000::BAT-21,9.0,BAT-21,312704934.770241,3.75,47700000.0,0.5869142083053607,0.5869142083053607,10128.863612352556,0.0,0.9253713724253148,False
142,9.000::BAT-22,9.0,BAT-22,312704934.770241,3.75,47700000.0,0.5869142083053607,0.5869142083053607,10128.863612352556,0.0,0.9253713724253148,False
143,9.000::BAT-23,9.0,BAT-23,312704934.770241,3.75,47700000.0,0.5869142083053607,0.5869142083053607,10128.863612352556,0.0,0.9253713724253148,False
144,9.000::BAT-24,9.0,BAT-24,312704934.770241,3.75,47700000.0,0.5869142083053607,0.5869142083053607,10128.863612352556,0.0,0.9253713724253148,False
145,9.000::BAT-25,9.0,BAT-25,312704934.770241,3.75,47700000.0,0.5869142083053607,0.5869142083053607,10128.863612352556,0.0,0.9253713724253148,False
146,9.000::BAT-26,9.0,BAT-26,312704934.770241,3.75,47700000.0,0.5869142083053607,0.5869142083053607,10128.863612352556,0.0,0.9253713724253148,False
147,9.000::BAT-27,9.0,BAT-27,312704934.770241,3.75,47700000.0,0.5869142083053607,0.5869142083053607,10128.863612352556,0.0,0.9253713724253148,False
148,9.000::BAT-28,9.0,BAT-28,312704934.770241,3.75,47700000.0,0.5869142083053607,0.5869142083053607,10128.863612352556,0.0,0.9253713724253148,False
149,9.000::BAT-29,9.0,BAT-29,312704934.770241,3.75,47700000.0,0.5869142083053607,0.5869142083053607,10128.863612352556,0.0,0.9253713724253148,False
150,9.000::BAT-30,9.0,BAT-30,312704934.770241,3.75,47700000.0,0.5869142083053607,0.5869142083053607,10128.863612352556,0.0,0.9253713724253148,False
151,9.000::BAT-31,9.0,BAT-31,312704934.770241,3.75,47700000.0,0.5869142083053607,0.5869142083053607,10128.863612352556,0.0,0.9253713724253148,False
152,9.000::BAT-32,9.0,BAT-32,312704934.770241,3.75,47700000.0,0.5869142083053607,0.5869142083053607,10128.863612352556,0.0,0.9253713724253148,False
136,9.000::None,9.0,None,302411686.6062791,3.9166666666666665,47700000.0,0.5641309900682892,0.5641309900682892,10687.50812352555,620.7161235255471,0.9253713724253148,False
154,9.600::BAT-5,9.6,BAT-5,333347097.2652934,3.75,50880000.0,0.6256841151285165,0.6256841151285164,9178.22549704878,0.0,0.9870627972536687,True
155,9.600::BAT-10,9.6,BAT-10,333347097.2652934,3.75,50880000.0,0.6256841151285165,0.6256841151285164,9178.22549704878,0.0,0.9870627972536687,False
156,9.600::BAT-15,9.6,BAT-15,333347097.2652934,3.75,50880000.0,0.6256841151285165,0.6256841151285164,9178.22549704878,0.0,0.9870627972536687,False
157,9.600::BAT-20,9.6,BAT-20,333347097.2652934,3.75,50880000.0,0.6256841151285165,0.6256841151285164,9178.22549704878,0.0,0.9870627972536687,False
158,9.600::BAT-21,9.6,BAT-21,333347097.2652934,3.75,50880000.0,0.6256841151285165,0.6256841151285164,9178.22549704878,0.0,0.9870627972536687,False
159,9.600::BAT-22,9.6,BAT-22,333347097.2652934,3.75,50880000.0,0.6256841151285165,0.6256841151285164,9178.22549704878,0.0,0.9870627972536687,False
160,9.600::BAT-23,9.6,BAT-23,333347097.2652934,3.75,50880000.0,0.6256841151285165,0.6256841151285164,9178.22549704878,0.0,0.9870627972536687,False
161,9.600::BAT-24,9.6,BAT-24,333347097.2652934,3.75,50880000.0,0.6256841151285165,0.6256841151285164,9178.22549704878,0.0,0.9870627972536687,False
162,9.600::BAT-25,9.6,BAT-25,333347097.2652934,3.75,50880000.0,0.6256841151285165,0.6256841151285164,9178.22549704878,0.0,0.9870627972536687,False
163,9.600::BAT-26,9.6,BAT-26,333347097.2652934,3.75,50880000.0,0.6256841151285165,0.6256841151285164,9178.22549704878,0.0,0.9870627972536687,False
164,9.600::BAT-27,9.6,BAT-27,333347097.2652934,3.75,50880000.0,0.6256841151285165,0.6256841151285164,9178.22549704878,0.0,0.9870627972536687,False
165,9.600::BAT-28,9.6,BAT-28,333347097.2652934,3.75,50880000.0,0.6256841151285165,0.6256841151285164,9178.22549704878,0.0,0.9870627972536687,False
166,9.600::BAT-29,9.6,BAT-29,333347097.2652934,3.75,50880000.0,0.6256841151285165,0.6256841151285164,9178.22549704878,0.0,0.9870627972536687,False
167,9.600::BAT-30,9.6,BAT-30,333347097.2652934,3.75,50880000.0,0.6256841151285165,0.6256841151285164,9178.22549704878,0.0,0.9870627972536687,False
168,9.600::BAT-31,9.6,BAT-31,333347097.2652934,3.75,50880000.0,0.6256841151285165,0.6256841151285164,9178.22549704878,0.0,0.9870627972536687,False
169,9.600::BAT-32,9.6,BAT-32,333347097.2652934,3.75,50880000.0,0.6256841151285165,0.6256841151285164,9178.22549704878,0.0,0.9870627972536687,False
153,9.600::None,9.6,None,320797245.02546024,3.9166666666666665,50880000.0,0.5981626521008265,0.5981626521008264,9853.051770487737,749.8069704877328,0.9870627972536687,False
171,10.200::BAT-5,10.2,BAT-5,354985470.85010165,3.6666666666666665,53040000.0,0.664448774776776,0.664448774776776,8227.716042473454,0.0,1.0487542220820234,True
172,10.200::BAT-10,10.2,BAT-10,354985470.85010165,3.6666666666666665,53040000.0,0.664448774776776,0.664448774776776,8227.716042473454,0.0,1.0487542220820234,False
173,10.200::BAT-15,10.2,BAT-15,354985470.85010165,3.6666666666666665,53040000.0,0.664448774776776,0.664448774776776,8227.716042473454,0.0,1.0487542220820234,False
174,10.200::BAT-20,10.2,BAT-20,354985470.85010165,3.6666666666666665,53040000.0,0.664448774776776,0.664448774776776,8227.716042473454,0.0,1.0487542220820234,False
175,10.200::BAT-21,10.2,BAT-21,354985470.85010165,3.6666666666666665,53040000.0,0.664448774776776,0.664448774776776,8227.716042473454,0.0,1.0487542220820234,False
176,10.200::BAT-22,10.2,BAT-22,354985470.85010165,3.6666666666666665,53040000.0,0.664448774776776,0.664448774776776,8227.716042473454,0.0,1.0487542220820234,False
177,10.200::BAT-23,10.2,BAT-23,354985470.85010165,3.6666666666666665,53040000.0,0.664448774776776,0.664448774776776,8227.716042473454,0.0,1.0487542220820234,False
178,10.200::BAT-24,10.2,BAT-24,354985470.85010165,3.6666666666666665,53040000.0,0.664448774776776,0.664448774776776,8227.716042473454,0.0,1.0487542220820234,False
179,10.200::BAT-25,10.2,BAT-25,354985470.85010165,3.6666666666666665,53040000.0,0.664448774776776,0.664448774776776,8227.716042473454,0.0,1.0487542220820234,False
180,10.200::BAT-26,10.2,BAT-26,354985470.85010165,3.6666666666666665,53040000.0,0.664448774776776,0.664448774776776,8227.716042473454,0.0,1.0487542220820234,False
181,10.200::BAT-27,10.2,BAT-27,354985470.85010165,3.6666666666666665,53040000.0,0.664448774776776,0.664448774776776,8227.716042473454,0.0,1.0487542220820234,False
182,10.200::BAT-28,10.2,BAT-28,354985470.85010165,3.6666666666666665,53040000.0,0.664448774776776,0.664448774776776,8227.716042473454,0.0,1.0487542220820234,False
183,10.200::BAT-29,10.2,BAT-29,354985470.85010165,3.6666666666666665,53040000.0,0.664448774776776,0.664448774776776,8227.716042473454,0.0,1.0487542220820234,False
184,10.200::BAT-30,10.2,BAT-30,354985470.85010165,3.6666666666666665,53040000.0,0.664448774776776,0.664448774776776,8227.716042473454,0.0,1.0487542220820234,False
185,10.200::BAT-31,10.2,BAT-31,354985470.85010165,3.6666666666666665,53040000.0,0.664448774776776,0.664448774776776,8227.716042473454,0.0,1.0487542220820234,False
186,10.200::BAT-32,10.2,BAT-32,354985470.85010165,3.6666666666666665,53040000.0,0.664448774776776,0.664448774776776,8227.716042473454,0.0,1.0487542220820234,False
170,10.200::None,10.2,None,339996632.8891923,3.8333333333333335,53040000.0,0.6321418423844,0.6321418423844001,9019.88202473451,880.1844247345077,1.0487542220820234,False
188,10.800::BAT-5,10.8,BAT-5,375625048.2574166,3.6666666666666665,56160000.0,0.7028983343016181,0.7028983343016181,7284.932842924325,0.0,1.1104456469103778,True
189,10.800::BAT-10,10.8,BAT-10,375625048.2574166,3.6666666666666665,56160000.0,0.7028983343016181,0.7028983343016181,7284.932842924325,0.0,1.1104456469103778,False
190,10.800::BAT-15,10.8,BAT-15,375625048.2574166,3.6666666666666665,56160000.0,0.7028983343016181,0.7028983343016181,7284.932842924325,0.0,1.1104456469103778,False
191,10.800::BAT-20,10.8,BAT-20,375625048.2574166,3.6666666666666665,56160000.0,0.7028983343016181,0.7028983343016181,7284.932842924325,0.0,1.1104456469103778,False
192,10.800::BAT-21,10.8,BAT-21,375625048.2574166,3.6666666666666665,56160000.0,0.7028983343016181,0.7028983343016181,7284.932842924325,0.0,1.1104456469103778,False
193,10.800::BAT-22,10.8,BAT-22,375625048.2574166,3.6666666666666665,56160000.0,0.7028983343016181,0.7028983343016181,7284.932842924325,0.0,1.1104456469103778,False
194,10.800::BAT-23,10.8,BAT-23,375625048.2574166,3.6666666666666665,56160000.0,0.7028983343016181,0.7028983343016181,7284.932842924325,0.0,1.1104456469103778,False
195,10.800::BAT-24,10.8,BAT-24,375625048.2574166,3.6666666666666665,56160000.0,0.7028983343016181,0.7028983343016181,7284.932842924325,0.0,1.1104456469103778,False
196,10.800::BAT-25,10.8,BAT-25,375625048.2574166,3.6666666666666665,56160000.0,0.7028983343016181,0.7028983343016181,7284.932842924325,0.0,1.1104456469103778,False
197,10.800::BAT-26,10.8,BAT-26,375625048.2574166,3.6666666666666665,56160000.0,0.7028983343016181,0.7028983343016181,7284.932842924325,0.0,1.1104456469103778,False
198,10.800::BAT-27,10.8,BAT-27,375625048.2574166,3.6666666666666665,56160000.0,0.7028983343016181,0.7028983343016181,7284.932842924325,0.0,1.1104456469103778,False
199,10.800::BAT-28,10.8,BAT-28,375625048.2574166,3.6666666666666665,56160000.0,0.7028983343016181,0.7028983343016181,7284.932842924325,0.0,1.1104456469103778,False
200,10.800::BAT-29,10.8,BAT-29,375625048.2574166,3.6666666666666665,56160000.0,0.7028983343016181,0.7028983343016181,7284.932842924325,0.0,1.1104456469103778,False
201,10.800::BAT-30,10.8,BAT-30,375625048.2574166,3.6666666666666665,56160000.0,0.7028983343016181,0.7028983343016181,7284.932842924325,0.0,1.1104456469103778,False
202,10.800::BAT-31,10.8,BAT-31,375625048.2574166,3.6666666666666665,56160000.0,0.7028983343016181,0.7028983343016181,7284.932842924325,0.0,1.1104456469103778,False
203,10.800::BAT-32,10.8,BAT-32,375625048.2574166,3.6666666666666665,56160000.0,0.7028983343016181,0.7028983343016181,7284.932842924325,0.0,1.1104456469103778,False
187,10.800::None,10.8,None,357899787.2146438,3.9166666666666665,56160000.0,0.6629700314337994,0.6629700314337993,8263.974829243241,1087.8244292432396,1.1104456469103778,False
205,11.400::BAT-5,11.4,BAT-5,396126385.0779579,3.6666666666666665,59280000.0,0.7408567838933813,0.7408567838933813,6354.191658934293,0.0,1.172137071738732,True
206,11.400::BAT-10,11.4,BAT-10,396126385.0779579,3.6666666666666665,59280000.0,0.7408567838933813,0.7408567838933813,6354.191658934293,0.0,1.172137071738732,False
207,11.400::BAT-15,11.4,BAT-15,396126385.0779579,3.6666666666666665,59280000.0,0.7408567838933813,0.7408567838933813,6354.191658934293,0.0,1.172137071738732,False
208,11.400::BAT-20,11.4,BAT-20,396126385.0779579,3.6666666666666665,59280000.0,0.7408567838933813,0.7408567838933813,6354.191658934293,0.0,1.172137071738732,False
209,11.400::BAT-21,11.4,BAT-21,396126385.0779579,3.6666666666666665,59280000.0,0.7408567838933813,0.7408567838933813,6354.191658934293,0.0,1.172137071738732,False
210,11.400::BAT-22,11.4,BAT-22,396126385.0779579,3.6666666666666665,59280000.0,0.7408567838933813,0.7408567838933813,6354.191658934293,0.0,1.172137071738732,False
211,11.400::BAT-23,11.4,BAT-23,396126385.0779579,3.6666666666666665,59280000.0,0.7408567838933813,0.7408567838933813,6354.191658934293,0.0,1.172137071738732,False
212,11.400::BAT-24,11.4,BAT-24,396126385.0779579,3.6666666666666665,59280000.0,0.7408567838933813,0.7408567838933813,6354.191658934293,0.0,1.172137071738732,False
213,11.400::BAT-25,11.4,BAT-25,396126385.0779579,3.6666666666666665,59280000.0,0.7408567838933813,0.7408567838933813,6354.191658934293,0.0,1.172137071738732,False
214,11.400::BAT-26,11.4,BAT-26,396126385.0779579,3.6666666666666665,59280000.0,0.7408567838933813,0.7408567838933813,6354.191658934293,0.0,1.172137071738732,False
215,11.400::BAT-27,11.4,BAT-27,396126385.0779579,3.6666666666666665,59280000.0,0.7408567838933813,0.7408567838933813,6354.191658934293,0.0,1.172137071738732,False
216,11.400::BAT-28,11.4,BAT-28,396126385.0779579,3.6666666666666665,59280000.0,0.7408567838933813,0.7408567838933813,6354.191658934293,0.0,1.172137071738732,False
217,11.400::BAT-29,11.4,BAT-29,396126385.0779579,3.6666666666666665,59280000.0,0.7408567838933813,0.7408567838933813,6354.191658934293,0.0,1.172137071738732,False
218,11.400::BAT-30,11.4,BAT-30,396126385.0779579,3.6666666666666665,59280000.0,0.7408567838933813,0.7408567838933813,6354.191658934293,0.0,1.172137071738732,False
219,11.400::BAT-31,11.4,BAT-31,396126385.0779579,3.6666666666666665,59280000.0,0.7408567838933813,0.7408567838933813,6354.191658934293,0.0,1.172137071738732,False
220,11.400::BAT-32,11.4,BAT-32,396126385.0779579,3.6666666666666665,59280000.0,0.7408567838933813,0.7408567838933813,6354.191658934293,0.0,1.172137071738732,False
204,11.400::None,11.4,None,374604856.4547226,3.9166666666666665,59280000.0,0.6888871211524109,0.6888871211524108,7628.4877893428875,1415.8845893428863,1.172137071738732,False
223,12.000::BAT-10,12.0,BAT-10,416379681.1346378,3.75,62400000.0,0.7781637936914321,0.7781637936914318,5439.423778686091,0.0,1.2338284965670865,True
224,12.000::BAT-15,12.0,BAT-15,416379681.1346378,3.75,62400000.0,0.7781637936914321,0.7781637936914318,5439.423778686091,0.0,1.2338284965670865,False
225,12.000::BAT-20,12.0,BAT-20,416379681.1346378,3.75,62400000.0,0.7781637936914321,0.7781637936914318,5439.423778686091,0.0,1.2338284965670865,False
226,12.000::BAT-21,12.0,BAT-21,416379681.1346378,3.75,62400000.0,0.7781637936914321,0.7781637936914318,5439.423778686091,0.0,1.2338284965670865,False
227,12.000::BAT-22,12.0,BAT-22,416379681.1346378,3.75,62400000.0,0.7781637936914321,0.7781637936914318,5439.423778686091,0.0,1.2338284965670865,False
228,12.000::BAT-23,12.0,BAT-23,416379681.1346378,3.75,62400000.0,0.7781637936914321,0.7781637936914318,5439.423778686091,0.0,1.2338284965670865,False
229,12.000::BAT-24,12.0,BAT-24,416379681.1346378,3.75,62400000.0,0.7781637936914321,0.7781637936914318,5439.423778686091,0.0,1.2338284965670865,False
230,12.000::BAT-25,12.0,BAT-25,416379681.1346378,3.75,62400000.0,0.7781637936914321,0.7781637936914318,5439.423778686091,0.0,1.2338284965670865,False
231,12.000::BAT-26,12.0,BAT-26,416379681.1346378,3.75,62400000.0,0.7781637936914321,0.7781637936914318,5439.423778686091,0.0,1.2338284965670865,False
232,12.000::BAT-27,12.0,BAT-27,416379681.1346378,3.75,62400000.0,0.7781637936914321,0.7781637936914318,5439.423778686091,0.0,1.2338284965670865,False
233,12.000::BAT-28,12.0,BAT-28,416379681.1346378,3.75,62400000.0,0.7781637936914321,0.7781637936914318,5439.423778686091,0.0,1.2338284965670865,False
234,12.000::BAT-29,12.0,BAT-29,416379681.1346378,3.75,62400000.0,0.7781637936914321,0.7781637936914318,5439.423778686091,0.0,1.2338284965670865,False
235,12.000::BAT-30,12.0,BAT-30,416379681.1346378,3.75,62400000.0,0.7781637936914321,0.7781637936914318,5439.423778686091,0.0,1.2338284965670865,False
236,12.000::BAT-31,12.0,BAT-31,416379681.1346378,3.75,62400000.0,0.7781637936914321,0.7781637936914318,5439.423778686091,0.0,1.2338284965670865,False
237,12.000::BAT-32,12.0,BAT-32,416379681.1346378,3.75,62400000.0,0.7781637936914321,0.7781637936914318,5439.423778686091,0.0,1.2338284965670865,False
222,12.000::BAT-5,12.0,BAT-5,416292453.3165221,3.75,62400000.0,0.776278771002052,0.7762787710020519,5485.644535029688,51.356395937331314,1.2338284965670865,False
221,12.000::None,12.0,None,389160239.07466894,4.0,62400000.0,0.7082898129338944,0.7082898129338941,7152.733786860914,1903.6777868609142,1.2338284965670865,False
240,12.600::BAT-10,12.6,BAT-10,436313759.1864451,3.75,65520000.0,0.8149936607187224,0.8149936607187221,4536.355439176934,0.0,1.2955199213954405,True
241,12.600::BAT-15,12.6,BAT-15,436313759.1864451,3.75,65520000.0,0.8149936607187224,0.8149936607187221,4536.355439176934,0.0,1.2955199213954405,False
242,12.600::BAT-20,12.6,BAT-20,436313759.1864451,3.75,65520000.0,0.8149936607187224,0.8149936607187221,4536.355439176934,0.0,1.2955199213954405,False
243,12.600::BAT-21,12.6,BAT-21,436313759.1864451,3.75,65520000.0,0.8149936607187224,0.8149936607187221,4536.355439176934,0.0,1.2955199213954405,False
244,12.600::BAT-22,12.6,BAT-22,436313759.1864451,3.75,65520000.0,0.8149936607187224,0.8149936607187221,4536.355439176934,0.0,1.2955199213954405,False
245,12.600::BAT-23,12.6,BAT-23,436313759.1864451,3.75,65520000.0,0.8149936607187224,0.8149936607187221,4536.355439176934,0.0,1.2955199213954405,False
246,12.600::BAT-24,12.6,BAT-24,436313759.1864451,3.75,65520000.0,0.8149936607187224,0.8149936607187221,4536.355439176934,0.0,1.2955199213954405,False
247,12.600::BAT-25,12.6,BAT-25,436313759.1864451,3.75,65520000.0,0.8149936607187224,0.8149936607187221,4536.355439176934,0.0,1.2955199213954405,False
248,12.600::BAT-26,12.6,BAT-26,436313759.1864451,3.75,65520000.0,0.8149936607187224,0.8149936607187221,4536.355439176934,0.0,1.2955199213954405,False
249,12.600::BAT-27,12.6,BAT-27,436313759.1864451,3.75,65520000.0,0.8149936607187224,0.8149936607187221,4536.355439176934,0.0,1.2955199213954405,False
250,12.600::BAT-28,12.6,BAT-28,436313759.1864451,3.75,65520000.0,0.8149936607187224,0.8149936607187221,4536.355439176934,0.0,1.2955199213954405,False
251,12.600::BAT-29,12.6,BAT-29,436313759.1864451,3.75,65520000.0,0.8149936607187224,0.8149936607187221,4536.355439176934,0.0,1.2955199213954405,False
252,12.600::BAT-30,12.6,BAT-30,436313759.1864451,3.75,65520000.0,0.8149936607187224,0.8149936607187221,4536.355439176934,0.0,1.2955199213954405,False
253,12.600::BAT-31,12.6,BAT-31,436313759.1864451,3.75,65520000.0,0.8149936607187224,0.8149936607187221,4536.355439176934,0.0,1.2955199213954405,False
254,12.600::BAT-32,12.6,BAT-32,436313759.1864451,3.75,65520000.0,0.8149936607187224,0.8149936607187221,4536.355439176934,0.0,1.2955199213954405,False
239,12.600::BAT-5,12.6,BAT-5,434985573.50378346,3.75,65520000.0,0.8025706053582087,0.8025706053582087,4840.968756616722,338.4592415997663,1.2955199213954405,False
238,12.600::None,12.6,None,400949065.6523898,4.083333333333333,65520000.0,0.7229210770077782,0.7229210770077781,6793.975191769283,2508.466391769276,1.2955199213954405,False
258,13.200::BAT-15,13.2,BAT-15,470486699.79539853,2.9166666666666665,54120000.0,0.8515706442601443,0.8515706442601442,3639.487802741265,0.0,1.357211346223795,True
259,13.200::BAT-20,13.2,BAT-20,470486699.79539853,2.9166666666666665,54120000.0,0.8515706442601443,0.8515706442601442,3639.487802741265,0.0,1.357211346223795,False
260,13.200::BAT-21,13.2,BAT-21,470486699.79539853,2.9166666666666665,54120000.0,0.8515706442601443,0.8515706442601442,3639.487802741265,0.0,1.357211346223795,False
261,13.200::BAT-22,13.2,BAT-22,470486699.79539853,2.9166666666666665,54120000.0,0.8515706442601443,0.8515706442601442,3639.487802741265,0.0,1.357211346223795,False
262,13.200::BAT-23,13.2,BAT-23,470486699.79539853,2.9166666666666665,54120000.0,0.8515706442601443,0.8515706442601442,3639.487802741265,0.0,1.357211346223795,False
263,13.200::BAT-24,13.2,BAT-24,470486699.79539853,2.9166666666666665,54120000.0,0.8515706442601443,0.8515706442601442,3639.487802741265,0.0,1.357211346223795,False
264,13.200::BAT-25,13.2,BAT-25,470486699.79539853,2.9166666666666665,54120000.0,0.8515706442601443,0.8515706442601442,3639.487802741265,0.0,1.357211346223795,False
265,13.200::BAT-26,13.2,BAT-26,470486699.79539853,2.9166666666666665,54120000.0,0.8515706442601443,0.8515706442601442,3639.487802741265,0.0,1.357211346223795,False
266,13.200::BAT-27,13.2,BAT-27,470486699.79539853,2.9166666666666665,54120000.0,0.8515706442601443,0.8515706442601442,3639.487802741265,0.0,1.357211346223795,False
267,13.200::BAT-28,13.2,BAT-28,470486699.79539853,2.9166666666666665,54120000.0,0.8515706442601443,0.8515706442601442,3639.487802741265,0.0,1.357211346223795,False
268,13.200::BAT-29,13.2,BAT-29,470486699.79539853,2.9166666666666665,54120000.0,0.8515706442601443,0.8515706442601442,3639.487802741265,0.0,1.357211346223795,False
269,13.200::BAT-30,13.2,BAT-30,470486699.79539853,2.9166666666666665,54120000.0,0.8515706442601443,0.8515706442601442,3639.487802741265,0.0,1.357211346223795,False
270,13.200::BAT-31,13.2,BAT-31,470486699.79539853,2.9166666666666665,54120000.0,0.8515706442601443,0.8515706442601442,3639.487802741265,0.0,1.357211346223795,False
271,13.200::BAT-32,13.2,BAT-32,470486699.79539853,2.9166666666666665,54120000.0,0.8515706442601443,0.8515706442601442,3639.487802741265,0.0,1.357211346223795,False
257,13.200::BAT-10,13.2,BAT-10,470461804.1810303,2.9166666666666665,54120000.0,0.8506408010122328,0.8506408010122328,3662.287559180051,25.33306270976264,1.357211346223795,False
256,13.200::BAT-5,13.2,BAT-5,465232718.84510434,3.0,54120000.0,0.8195517584776171,0.8195517584776171,4424.59088212883,872.3367548750733,1.357211346223795,False
255,13.200::None,13.2,None,424821367.7253793,3.3333333333333335,54120000.0,0.7350235062229766,0.7350235062229766,6497.2236274126135,3175.2620274126098,1.357211346223795,False
275,13.800::BAT-15,13.8,BAT-15,490574530.8525204,2.9166666666666665,56580000.0,0.8879420668962059,0.8879420668962057,2747.660519705035,0.0,1.4189027710521496,True
276,13.800::BAT-20,13.8,BAT-20,490574530.8525204,2.9166666666666665,56580000.0,0.8879420668962059,0.8879420668962057,2747.660519705035,0.0,1.4189027710521496,False
277,13.800::BAT-21,13.8,BAT-21,490574530.8525204,2.9166666666666665,56580000.0,0.8879420668962059,0.8879420668962057,2747.660519705035,0.0,1.4189027710521496,False
278,13.800::BAT-22,13.8,BAT-22,490574530.8525204,2.9166666666666665,56580000.0,0.8879420668962059,0.8879420668962057,2747.660519705035,0.0,1.4189027710521496,False
279,13.800::BAT-23,13.8,BAT-23,490574530.8525204,2.9166666666666665,56580000.0,0.8879420668962059,0.8879420668962057,2747.660519705035,0.0,1.4189027710521496,False
280,13.800::BAT-24,13.8,BAT-24,490574530.8525204,2.9166666666666665,56580000.0,0.8879420668962059,0.8879420668962057,2747.660519705035,0.0,1.4189027710521496,False
281,13.800::BAT-25,13.8,BAT-25,490574530.8525204,2.9166666666666665,56580000.0,0.8879420668962059,0.8879420668962057,2747.660519705035,0.0,1.4189027710521496,False
282,13.800::BAT-26,13.8,BAT-26,490574530.8525204,2.9166666666666665,56580000.0,0.8879420668962059,0.8879420668962057,2747.660519705035,0.0,1.4189027710521496,False
283,13.800::BAT-27,13.8,BAT-27,490574530.8525204,2.9166666666666665,56580000.0,0.8879420668962059,0.8879420668962057,2747.660519705035,0.0,1.4189027710521496,False
284,13.800::BAT-28,13.8,BAT-28,490574530.8525204,2.9166666666666665,56580000.0,0.8879420668962059,0.8879420668962057,2747.660519705035,0.0,1.4189027710521496,False
285,13.800::BAT-29,13.8,BAT-29,490574530.8525204,2.9166666666666665,56580000.0,0.8879420668962059,0.8879420668962057,2747.660519705035,0.0,1.4189027710521496,False
286,13.800::BAT-30,13.8,BAT-30,490574530.8525204,2.9166666666666665,56580000.0,0.8879420668962059,0.8879420668962057,2747.660519705035,0.0,1.4189027710521496,False
287,13.800::BAT-31,13.8,BAT-31,490574530.8525204,2.9166666666666665,56580000.0,0.8879420668962059,0.8879420668962057,2747.660519705035,0.0,1.4189027710521496,False
288,13.800::BAT-32,13.8,BAT-32,490574530.8525204,2.9166666666666665,56580000.0,0.8879420668962059,0.8879420668962057,2747.660519705035,0.0,1.4189027710521496,False
274,13.800::BAT-10,13.8,BAT-10,489737430.78781253,3.0,56580000.0,0.8784291239561114,0.8784291239561114,2980.9178805961496,259.17484543457243,1.4189027710521496,False
273,13.800::BAT-5,13.8,BAT-5,477500208.6302312,3.0833333333333335,56580000.0,0.8278779732875211,0.8278779732875211,4220.432094989982,1636.4128614277186,1.4189027710521496,False
272,13.800::None,13.8,None,432882720.34915745,3.4166666666666665,56580000.0,0.7450703263845707,0.7450703263845706,6250.87559705033,3892.4611970503265,1.4189027710521496,False
293,14.400::BAT-20,14.4,BAT-20,510527963.05053,3.0,59040000.0,0.9242349430504371,0.9242349430504369,1857.759196403287,0.0,1.4805941958805038,True
294,14.400::BAT-21,14.4,BAT-21,510527963.05053,3.0,59040000.0,0.9242349430504371,0.9242349430504369,1857.759196403287,0.0,1.4805941958805038,False
295,14.400::BAT-22,14.4,BAT-22,510527963.05053,3.0,59040000.0,0.9242349430504371,0.9242349430504369,1857.759196403287,0.0,1.4805941958805038,False
296,14.400::BAT-23,14.4,BAT-23,510527963.05053,3.0,59040000.0,0.9242349430504371,0.9242349430504369,1857.759196403287,0.0,1.4805941958805038,False
297,14.400::BAT-24,14.4,BAT-24,510527963.05053,3.0,59040000.0,0.9242349430504371,0.9242349430504369,1857.759196403287,0.0,1.4805941958805038,False
298,14.400::BAT-25,14.4,BAT-25,510527963.05053,3.0,59040000.0,0.9242349430504371,0.9242349430504369,1857.759196403287,0.0,1.4805941958805038,False
299,14.400::BAT-26,14.4,BAT-26,510527963.05053,3.0,59040000.0,0.9242349430504371,0.9242349430504369,1857.759196403287,0.0,1.4805941958805038,False
300,14.400::BAT-27,14.4,BAT-27,510527963.05053,3.0,59040000.0,0.9242349430504371,0.9242349430504369,1857.759196403287,0.0,1.4805941958805038,False
301,14.400::BAT-28,14.4,BAT-28,510527963.05053,3.0,59040000.0,0.9242349430504371,0.9242349430504369,1857.759196403287,0.0,1.4805941958805038,False
302,14.400::BAT-29,14.4,BAT-29,510527963.05053,3.0,59040000.0,0.9242349430504371,0.9242349430504369,1857.759196403287,0.0,1.4805941958805038,False
303,14.400::BAT-30,14.4,BAT-30,510527963.05053,3.0,59040000.0,0.9242349430504371,0.9242349430504369,1857.759196403287,0.0,1.4805941958805038,False
304,14.400::BAT-31,14.4,BAT-31,510527963.05053,3.0,59040000.0,0.9242349430504371,0.9242349430504369,1857.759196403287,0.0,1.4805941958805038,False
305,14.400::BAT-32,14.4,BAT-32,510527963.05053,3.0,59040000.0,0.9242349430504371,0.9242349430504369,1857.759196403287,0.0,1.4805941958805038,False
292,14.400::BAT-15,14.4,BAT-15,510523631.2613512,3.0,59040000.0,0.9240035735867796,0.9240035735867795,1863.4323756521665,6.303532498754751,1.4805941958805038,False
291,14.400::BAT-10,14.4,BAT-10,506681702.9155015,3.0,59040000.0,0.8962999208749104,0.8962999208749103,2542.7259401471997,761.0741597154586,1.4805941958805038,False
290,14.400::BAT-5,14.4,BAT-5,485977456.7052148,3.25,59040000.0,0.835007110013692,0.8350071100136918,4045.6256624642765,2430.9627400677655,1.4805941958805038,False
289,14.400::None,14.4,None,439779282.86063427,3.5,59040000.0,0.7543316817278608,0.7543316817278608,6023.787164032852,4628.919964032852,1.4805941958805038,False
322,15.000::BAT-32,15.0,BAT-32,530129965.5296522,3.0,61500000.0,0.9561174005555557,0.9561174005555557,1076.001338377774,118.32084620755722,1.5422856207088578,True
321,15.000::BAT-31,15.0,BAT-31,530125283.8951037,3.0,61500000.0,0.9561174005555557,0.9561174005555557,1076.001338377774,118.32084620755722,1.5422856207088578,False
316,15.000::BAT-26,15.0,BAT-26,530114776.2515511,3.0,61500000.0,0.9561174005555557,0.9561174005555557,1076.001338377774,118.32084620755722,1.5422856207088578,False
317,15.000::BAT-27,15.0,BAT-27,530114776.2515511,3.0,61500000.0,0.9561174005555557,0.9561174005555557,1076.001338377774,118.32084620755722,1.5422856207088578,False
318,15.000::BAT-28,15.0,BAT-28,530114755.4164559,3.0,61500000.0,0.9561174005555557,0.9561174005555557,1076.001338377774,118.32084620755722,1.5422856207088578,False
319,15.000::BAT-29,15.0,BAT-29,530112139.040278,3.0,61500000.0,0.9561174005555557,0.9561174005555557,1076.001338377774,118.32084620755722,1.5422856207088578,False
320,15.000::BAT-30,15.0,BAT-30,530111414.0018646,3.0,61500000.0,0.9561174005555557,0.9561174005555557,1076.001338377774,118.32084620755722,1.5422856207088578,False
311,15.000::BAT-21,15.0,BAT-21,530105429.0632784,3.0,61500000.0,0.9561174005555557,0.9561174005555557,1076.001338377774,118.32084620755722,1.5422856207088578,False
312,15.000::BAT-22,15.0,BAT-22,530105429.0632784,3.0,61500000.0,0.9561174005555557,0.9561174005555557,1076.001338377774,118.32084620755747,1.5422856207088578,False
313,15.000::BAT-23,15.0,BAT-23,530105429.0632784,3.0,61500000.0,0.9561174005555557,0.9561174005555557,1076.001338377774,118.3208462075577,1.5422856207088578,False
314,15.000::BAT-24,15.0,BAT-24,530104371.3812132,3.0,61500000.0,0.9561174005555557,0.9561174005555557,1076.001338377774,118.3208462075577,1.5422856207088578,False
315,15.000::BAT-25,15.0,BAT-25,530104340.10576165,3.0,61500000.0,0.9561174005555557,0.9561174005555557,1076.001338377774,118.32084620755722,1.5422856207088578,False
310,15.000::BAT-20,15.0,BAT-20,530103149.0803011,3.0,61500000.0,0.9560136633836245,0.9560136633836245,1078.544973833527,118.32084620755747,1.5422856207088578,False
309,15.000::BAT-15,15.0,BAT-15,529772973.30015707,3.0,61500000.0,0.9520333085078977,0.9520333085078977,1176.1432753863496,226.76340348847154,1.5422856207088578,False
308,15.000::BAT-10,15.0,BAT-10,520039126.2719181,3.0833333333333335,61500000.0,0.904825285884448,0.9048252858844478,2333.68399011334,1512.9197531851275,1.5422856207088578,False
307,15.000::BAT-5,15.0,BAT-5,491947081.1656393,3.3333333333333335,61500000.0,0.8412801416939443,0.8412801416939444,3891.8109256644843,3244.1719037975104,1.5422856207088578,False
306,15.000::None,15.0,None,445831396.80030346,3.5833333333333335,61500000.0,0.7618808269793146,0.7618808269793146,5838.682122467207,5407.3621224672015,1.5422856207088578,False
339,15.600::BAT-32,15.6,BAT-32,548303916.9356983,3.0,63960000.0,0.979114620511365,0.979114620511365,512.1095050613292,472.93202606306556,1.6039770455372122,True
335,15.600::BAT-28,15.6,BAT-28,548273075.2671094,3.0,63960000.0,0.979114620511365,0.979114620511365,512.1095050613292,472.9320260630649,1.6039770455372122,False
336,15.600::BAT-29,15.6,BAT-29,548272174.7578228,3.0,63960000.0,0.979114620511365,0.979114620511365,512.1095050613292,472.9320260630649,1.6039770455372122,False
337,15.600::BAT-30,15.6,BAT-30,548272174.7578228,3.0,63960000.0,0.979114620511365,0.979114620511365,512.1095050613292,472.9320260630649,1.6039770455372122,False
338,15.600::BAT-31,15.6,BAT-31,548272174.7578228,3.0,63960000.0,0.979114620511365,0.979114620511365,512.1095050613292,472.93202606306465,1.6039770455372122,False
334,15.600::BAT-27,15.6,BAT-27,548265647.421499,3.0,63960000.0,0.979114620511365,0.979114620511365,512.1095050613292,472.9320260630649,1.6039770455372122,False
329,15.600::BAT-22,15.6,BAT-22,548242002.6302717,3.0,63960000.0,0.979114620511365,0.979114620511365,512.1095050613292,472.93202606306727,1.6039770455372122,False
330,15.600::BAT-23,15.6,BAT-23,548240814.2073855,3.0,63960000.0,0.979114620511365,0.979114620511365,512.1095050613292,472.9320260630675,1.6039770455372122,False
331,15.600::BAT-24,15.6,BAT-24,548240596.0225049,3.0,63960000.0,0.979114620511365,0.979114620511365,512.1095050613292,472.9320260630672,1.6039770455372122,False
332,15.600::BAT-25,15.6,BAT-25,548240596.0225049,3.0,63960000.0,0.979114620511365,0.979114620511365,512.1095050613292,472.93202606306676,1.6039770455372122,False
333,15.600::BAT-26,15.6,BAT-26,548240596.0225049,3.0,63960000.0,0.979114620511365,0.979114620511365,512.1095050613292,472.9320260630651,1.6039770455372122,False
327,15.600::BAT-20,15.6,BAT-20,548230678.2651055,3.0,63960000.0,0.9789460617304803,0.9789460617304803,516.2425663686226,472.9320260630669,1.6039770455372122,False
328,15.600::BAT-21,15.6,BAT-21,548230678.2651055,3.0,63960000.0,0.9789460617304803,0.9789460617304803,516.2425663686226,472.93202606306727,1.6039770455372122,False
326,15.600::BAT-15,15.6,BAT-15,546976724.6546155,3.0,63960000.0,0.9700916148057834,0.9700916148057833,733.353604962194,714.1665133892581,1.6039770455372122,False
325,15.600::BAT-10,15.6,BAT-10,529327306.5117619,3.1666666666666665,63960000.0,0.9102315731067677,0.9102315731067678,2201.121827422053,2345.020093900212,1.6039770455372122,False
324,15.600::BAT-5,15.6,BAT-5,496505782.4437407,3.4166666666666665,63960000.0,0.8466864289162644,0.8466864289162644,3759.248762973197,4076.2722445125946,1.6039770455372122,False
323,15.600::None,15.6,None,451117590.49264014,3.6666666666666665,63960000.0,0.7676964833149036,0.7676964833149035,5696.082229118566,6228.309429118562,1.6039770455372122,False
354,16.200::BAT-30,16.2,BAT-30,563926362.0913049,3.0833333333333335,66420000.0,0.9932216672686236,0.9932216672686236,166.2047185733505,1044.231544219672,1.6656684703655666,True
355,16.200::BAT-31,16.2,BAT-31,563920690.7885493,3.0833333333333335,66420000.0,0.9932216672686236,0.9932216672686236,166.2047185733505,1044.231544219671,1.6656684703655666,False
356,16.200::BAT-32,16.2,BAT-32,563918173.4520625,3.0833333333333335,66420000.0,0.9932216672686236,0.9932216672686236,166.2047185733505,1044.231544219674,1.6656684703655666,False
353,16.200::BAT-29,16.2,BAT-29,563890907.462343,3.0833333333333335,66420000.0,0.9932216672686236,0.9932216672686236,166.2047185733505,1044.231544219672,1.6656684703655666,False
349,16.200::BAT-25,16.2,BAT-25,563869514.8079915,3.0833333333333335,66420000.0,0.9932216672686236,0.9932216672686236,166.2047185733505,1058.5354533947286,1.6656684703655666,False
350,16.200::BAT-26,16.2,BAT-26,563866407.22974,3.0833333333333335,66420000.0,0.9932216672686236,0.9932216672686236,166.2047185733505,1058.5354533947286,1.6656684703655666,False
351,16.200::BAT-27,16.2,BAT-27,563864974.4300079,3.0833333333333335,66420000.0,0.9932216672686236,0.9932216672686236,166.2047185733505,1046.546810598065,1.6656684703655666,False
352,16.200::BAT-28,16.2,BAT-28,563864697.7253714,3.0833333333333335,66420000.0,0.9932216672686236,0.9932216672686236,166.2047185733505,1044.231544219672,1.6656684703655666,False
348,16.200::BAT-24,16.2,BAT-24,563854746.9336702,3.0833333333333335,66420000.0,0.9932216672686236,0.9932216672686236,166.2047185733505,1058.5354533947286,1.6656684703655666,False
344,16.200::BAT-20,16.2,BAT-20,563842407.8212003,3.0833333333333335,66420000.0,0.9932216672686236,0.9932216672686236,166.2047185733505,1058.5354533947286,1.6656684703655666,False
345,16.200::BAT-21,16.2,BAT-21,563842081.1521976,3.0833333333333335,66420000.0,0.9932216672686236,0.9932216672686236,166.2047185733505,1058.5354533947293,1.6656684703655666,False
346,16.200::BAT-22,16.2,BAT-22,563841349.9648763,3.0833333333333335,66420000.0,0.9932216672686236,0.9932216672686236,166.2047185733505,1058.535453394729,1.6656684703655666,False
347,16.200::BAT-23,16.2,BAT-23,563841349.9648763,3.0833333333333335,66420000.0,0.9932216672686236,0.9932216672686236,166.2047185733505,1058.5354533947277,1.6656684703655666,False
343,16.200::BAT-15,16.2,BAT-15,560890294.0145673,3.0833333333333335,66420000.0,0.9781230075643528,0.9781230075643528,536.4238545220709,1469.8900488933075,1.6656684703655666,False
342,16.200::BAT-10,16.2,BAT-10,535524482.1522658,3.25,66420000.0,0.9145778633738494,0.9145778633738493,2094.5507900732155,3201.1421995056908,1.6656684703655666,False
341,16.200::BAT-5,16.2,BAT-5,500493202.6822169,3.5,66420000.0,0.8510327191833459,0.8510327191833459,3652.6777256243595,4932.394350118073,1.6656684703655666,False
340,16.200::None,16.2,None,455669108.2014264,3.75,66420000.0,0.7717292942422146,0.7717292942422147,5597.197705180895,7092.97210518089,1.6656684703655666,False
373,16.800::BAT-32,16.8,BAT-32,576112977.2135564,3.1666666666666665,68880000.0,1.0,1.0,0.0,1852.8816289178026,1.7273598951939209,True
372,16.800::BAT-31,16.8,BAT-31,576109022.5847782,3.1666666666666665,68880000.0,1.0,1.0,0.0,1852.8816289177985,1.7273598951939209,False
371,16.800::BAT-30,16.8,BAT-30,576100083.3467609,3.1666666666666665,68880000.0,1.0,1.0,0.0,1852.8816289177985,1.7273598951939209,False
370,16.800::BAT-29,16.8,BAT-29,576086057.426091,3.1666666666666665,68880000.0,1.0,1.0,0.0,1852.8816289177985,1.7273598951939209,False
369,16.800::BAT-28,16.8,BAT-28,576068826.1500204,3.1666666666666665,68880000.0,1.0,1.0,0.0,1852.8816289177985,1.7273598951939209,False
367,16.800::BAT-26,16.8,BAT-26,576036832.6250405,3.1666666666666665,68880000.0,1.0,1.0,0.0,1852.881628917799,1.7273598951939209,False
368,16.800::BAT-27,16.8,BAT-27,576035645.8526132,3.1666666666666665,68880000.0,1.0,1.0,0.0,1852.8816289177985,1.7273598951939209,False
365,16.800::BAT-24,16.8,BAT-24,576029688.7776706,3.1666666666666665,68880000.0,1.0,1.0,0.0,1852.881628917799,1.7273598951939209,False
366,16.800::BAT-25,16.8,BAT-25,576028391.769933,3.1666666666666665,68880000.0,1.0,1.0,0.0,1852.8816289177985,1.7273598951939209,False
364,16.800::BAT-23,16.8,BAT-23,576021631.0419763,3.1666666666666665,68880000.0,0.9997017980012083,0.9997017980012082,7.311913010375524,1852.8816289177994,1.7273598951939209,False
363,16.800::BAT-22,16.8,BAT-22,576007023.2140528,3.1666666666666665,68880000.0,0.9997017980012083,0.9997017980012082,7.311913010375524,1852.8816289178003,1.7273598951939209,False
361,16.800::BAT-20,16.8,BAT-20,576004692.8486862,3.1666666666666665,68880000.0,0.9997017980012083,0.9997017980012082,7.311913010375524,1852.8816289178008,1.7273598951939209,False
362,16.800::BAT-21,16.8,BAT-21,576004402.0719861,3.1666666666666665,68880000.0,0.9997017980012083,0.9997017980012082,7.311913010375524,1852.881628917801,1.7273598951939209,False
360,16.800::BAT-15,16.8,BAT-15,570662977.4266071,3.1666666666666665,68880000.0,0.9810707288328411,0.9810707288328411,464.1457290187363,2360.47475781598,1.7273598951939209,False
359,16.800::BAT-10,16.8,BAT-10,539642100.8277913,3.4166666666666665,68880000.0,0.9175255846423377,0.9175255846423377,2022.2726645698808,4091.7269084283625,1.7273598951939209,False
358,16.800::BAT-5,16.8,BAT-5,503980675.4446505,3.5833333333333335,68880000.0,0.8539804404518342,0.8539804404518342,3580.3996001210253,5822.9790590407465,1.7273598951939209,False
357,16.800::None,16.8,None,459388922.04149556,3.8333333333333335,68880000.0,0.7744258209688624,0.7744258209688621,5531.078869843501,7990.400469843495,1.7273598951939209,False
390,17.400::BAT-32,17.4,BAT-32,584324045.7573369,3.25,71340000.0,1.0,1.0,0.0,2815.3518919817943,1.7890513200222753,True
389,17.400::BAT-31,17.4,BAT-31,584318392.9900097,3.25,71340000.0,1.0,1.0,0.0,2815.351891981791,1.7890513200222753,False
388,17.400::BAT-30,17.4,BAT-30,584309383.0878836,3.25,71340000.0,1.0,1.0,0.0,2815.3518919817934,1.7890513200222753,False
387,17.400::BAT-29,17.4,BAT-29,584295426.8767633,3.25,71340000.0,1.0,1.0,0.0,2815.3518919817934,1.7890513200222753,False
386,17.400::BAT-28,17.4,BAT-28,584279147.9087063,3.25,71340000.0,1.0,1.0,0.0,2815.3518919817934,1.7890513200222753,False
385,17.400::BAT-27,17.4,BAT-27,584258097.8761276,3.25,71340000.0,1.0,1.0,0.0,2815.3518919817934,1.7890513200222753,False
384,17.400::BAT-26,17.4,BAT-26,584257972.2956934,3.25,71340000.0,1.0,1.0,0.0,2815.351891981793,1.7890513200222753,False
382,17.400::BAT-24,17.4,BAT-24,584250199.6052384,3.25,71340000.0,1.0,1.0,0.0,2815.351891981794,1.7890513200222753,False
383,17.400::BAT-25,17.4,BAT-25,584249539.5589306,3.25,71340000.0,1.0,1.0,0.0,2815.351891981792,1.7890513200222753,False
381,17.400::BAT-23,17.4,BAT-23,584242211.1718262,3.25,71340000.0,1.0,1.0,0.0,2815.351891981793,1.7890513200222753,False
380,17.400::BAT-22,17.4,BAT-22,584233026.9421183,3.25,71340000.0,1.0,1.0,0.0,2815.3518919817934,1.7890513200222753,False
378,17.400::BAT-20,17.4,BAT-20,584230076.9567115,3.25,71340000.0,1.0,1.0,0.0,2815.3518919817943,1.7890513200222753,False
379,17.400::BAT-21,17.4,BAT-21,584229794.7166914,3.25,71340000.0,1.0,1.0,0.0,2815.351891981795,1.7890513200222753,False
377,17.400::BAT-15,17.4,BAT-15,576855660.6681632,3.25,71340000.0,0.9831393025132064,0.9831393025132062,413.4243023761822,3274.7122279553305,1.7890513200222753,False
376,17.400::BAT-10,17.4,BAT-10,542629858.326962,3.5,71340000.0,0.9195941583227027,0.9195941583227029,1971.5512379273268,5005.9643785677135,1.7890513200222753,False
375,17.400::BAT-5,17.4,BAT-5,506938350.4304813,3.6666666666666665,71340000.0,0.8560490141321996,0.8560490141321994,3529.678173478471,6737.216529180096,1.7890513200222753,False
374,17.400::None,17.4,None,462412158.4184565,4.0,71340000.0,0.7770125541531888,0.7770125541531887,5467.652172163814,8890.520972163808,1.7890513200222753,False
407,18.000::BAT-32,18.0,BAT-32,589296271.5870788,3.3333333333333335,73800000.0,1.0,1.0,0.0,3785.946502835092,1.8507427448506295,True
406,18.000::BAT-31,18.0,BAT-31,589288091.478224,3.3333333333333335,73800000.0,1.0,1.0,0.0,3785.946502835089,1.8507427448506295,False
404,18.000::BAT-29,18.0,BAT-29,589278245.4630122,3.3333333333333335,73800000.0,1.0,1.0,0.0,3785.9465028350905,1.8507427448506295,False
405,18.000::BAT-30,18.0,BAT-30,589276204.875961,3.3333333333333335,73800000.0,1.0,1.0,0.0,3785.9465028350905,1.8507427448506295,False
403,18.000::BAT-28,18.0,BAT-28,589263914.7562329,3.3333333333333335,73800000.0,1.0,1.0,0.0,3785.9465028350905,1.8507427448506295,False
402,18.000::BAT-27,18.0,BAT-27,589263236.4543463,3.3333333333333335,73800000.0,1.0,1.0,0.0,3785.9465028350905,1.8507427448506295,False
401,18.000::BAT-26,18.0,BAT-26,589254049.459993,3.3333333333333335,73800000.0,1.0,1.0,0.0,3785.9465028350905,1.8507427448506295,False
400,18.000::BAT-25,18.0,BAT-25,589250766.0630859,3.3333333333333335,73800000.0,1.0,1.0,0.0,3785.9465028350915,1.8507427448506295,False
399,18.000::BAT-24,18.0,BAT-24,589242518.6708212,3.3333333333333335,73800000.0,1.0,1.0,0.0,3785.946502835092,1.8507427448506295,False
398,18.000::BAT-23,18.0,BAT-23,589235614.0705687,3.3333333333333335,73800000.0,1.0,1.0,0.0,3785.946502835091,1.8507427448506295,False
397,18.000::BAT-22,18.0,BAT-22,589234292.8747336,3.3333333333333335,73800000.0,1.0,1.0,0.0,3785.946502835092,1.8507427448506295,False
395,18.000::BAT-20,18.0,BAT-20,589232178.2012662,3.3333333333333335,73800000.0,1.0,1.0,0.0,3785.9465028350915,1.8507427448506295,False
396,18.000::BAT-21,18.0,BAT-21,589232110.3920295,3.3333333333333335,73800000.0,1.0,1.0,0.0,3785.946502835093,1.8507427448506295,False
394,18.000::BAT-15,18.0,BAT-15,580546353.0533041,3.4166666666666665,73800000.0,0.9844331260714437,0.9844331260714438,381.69974872819677,4210.057334755312,1.8507427448506295,False
393,18.000::BAT-10,18.0,BAT-10,545077343.3817682,3.5833333333333335,73800000.0,0.9208879818809403,0.9208879818809403,1939.8266842793414,5941.309485367693,1.8507427448506295,False
392,18.000::BAT-5,18.0,BAT-5,509385835.4852861,3.75,73800000.0,0.857342837690437,0.857342837690437,3497.9536198304854,7672.561635980075,1.8507427448506295,False
391,18.000::None,18.0,None,464957269.17576844,4.083333333333333,73800000.0,0.7795992873375154,0.7795992873375152,5404.2254744841275,9790.64147448412,1.8507427448506295,False
422,18.600::BAT-30,18.6,BAT-30,592037692.2900175,3.4166666666666665,76260000.0,1.0,1.0,0.0,4756.541113688395,1.9124341696789842,True
423,18.600::BAT-31,18.6,BAT-31,592036732.6153774,3.4166666666666665,76260000.0,1.0,1.0,0.0,4756.541113688394,1.9124341696789842,False
424,18.600::BAT-32,18.6,BAT-32,592036732.6153774,3.4166666666666665,76260000.0,1.0,1.0,0.0,4756.541113688398,1.9124341696789842,False
421,18.600::BAT-29,18.6,BAT-29,592026660.3903226,3.4166666666666665,76260000.0,1.0,1.0,0.0,4756.541113688395,1.9124341696789842,False
420,18.600::BAT-28,18.6,BAT-28,592023118.2445128,3.4166666666666665,76260000.0,1.0,1.0,0.0,4756.541113688395,1.9124341696789842,False
416,18.600::BAT-24,18.6,BAT-24,592013383.8133569,3.4166666666666665,76260000.0,1.0,1.0,0.0,4756.541113688396,1.9124341696789842,False
417,18.600::BAT-25,18.6,BAT-25,592012248.0885229,3.4166666666666665,76260000.0,1.0,1.0,0.0,4756.541113688395,1.9124341696789842,False
418,18.600::BAT-26,18.6,BAT-26,592012248.0885229,3.4166666666666665,76260000.0,1.0,1.0,0.0,4756.541113688394,1.9124341696789842,False
419,18.600::BAT-27,18.6,BAT-27,592010753.9666833,3.4166666666666665,76260000.0,1.0,1.0,0.0,4756.541113688395,1.9124341696789842,False
415,18.600::BAT-23,18.6,BAT-23,592006645.5309607,3.4166666666666665,76260000.0,1.0,1.0,0.0,4756.541113688397,1.9124341696789842,False
414,18.600::BAT-22,18.6,BAT-22,592005368.607216,3.4166666666666665,76260000.0,1.0,1.0,0.0,4756.541113688397,1.9124341696789842,False
413,18.600::BAT-21,18.6,BAT-21,592003115.869108,3.4166666666666665,76260000.0,1.0,1.0,0.0,4756.541113688397,1.9124341696789842,False
412,18.600::BAT-20,18.6,BAT-20,592002106.0820962,3.4166666666666665,76260000.0,1.0,1.0,0.0,4756.541113688396,1.9124341696789842,False
411,18.600::BAT-15,18.6,BAT-15,582727401.2742046,3.5,76260000.0,0.9849820811835618,0.9849820811835618,368.239369379065,5165.695968554025,1.9124341696789842,False
410,18.600::BAT-10,18.6,BAT-10,547035893.3777229,3.6666666666666665,76260000.0,0.9214369369930582,0.9214369369930583,1926.3663049302097,6896.948119166405,1.9124341696789842,False
409,18.600::BAT-5,18.6,BAT-5,511344385.48124176,3.8333333333333335,76260000.0,0.857891792802555,0.8578917928025549,3484.4932404813535,8628.20026977879,1.9124341696789842,False
408,18.600::None,18.6,None,467213261.43410885,4.166666666666667,76260000.0,0.7821860205218419,0.7821860205218418,5340.798776804438,10690.76197680444,1.9124341696789842,False
441,19.200::BAT-32,19.2,BAT-32,593436170.5908391,3.5,78720000.0,1.0,1.0,0.0,5727.135724541686,1.9741255945073375,True
440,19.200::BAT-31,19.2,BAT-31,593419711.2089556,3.5,78720000.0,1.0,1.0,0.0,5727.135724541684,1.9741255945073375,False
436,19.200::BAT-27,19.2,BAT-27,593419327.6189483,3.5,78720000.0,1.0,1.0,0.0,5727.135724541683,1.9741255945073375,False
437,19.200::BAT-28,19.2,BAT-28,593419327.6189483,3.5,78720000.0,1.0,1.0,0.0,5727.135724541683,1.9741255945073375,False
435,19.200::BAT-26,19.2,BAT-26,593418874.3514159,3.5,78720000.0,1.0,1.0,0.0,5727.135724541682,1.9741255945073375,False
438,19.200::BAT-29,19.2,BAT-29,593417395.16777,3.5,78720000.0,1.0,1.0,0.0,5727.135724541683,1.9741255945073375,False
439,19.200::BAT-30,19.2,BAT-30,593417199.358454,3.5,78720000.0,1.0,1.0,0.0,5727.135724541683,1.9741255945073375,False
430,19.200::BAT-21,19.2,BAT-21,593410258.9344546,3.5,78720000.0,1.0,1.0,0.0,5727.135724541686,1.9741255945073375,False
431,19.200::BAT-22,19.2,BAT-22,593410258.9344546,3.5,78720000.0,1.0,1.0,0.0,5727.135724541684,1.9741255945073375,False
432,19.200::BAT-23,19.2,BAT-23,593409684.803805,3.5,78720000.0,1.0,1.0,0.0,5727.135724541684,1.9741255945073375,False
429,19.200::BAT-20,19.2,BAT-20,593409570.3398737,3.5,78720000.0,1.0,1.0,0.0,5727.135724541685,1.9741255945073375,False
433,19.200::BAT-24,19.2,BAT-24,593409474.7948916,3.5,78720000.0,1.0,1.0,0.0,5727.135724541684,1.9741255945073375,False
434,19.200::BAT-25,19.2,BAT-25,593409474.7948916,3.5,78720000.0,1.0,1.0,0.0,5727.135724541684,1.9741255945073375,False
428,19.200::BAT-15,19.2,BAT-15,584254680.5453638,3.5833333333333335,78720000.0,0.9849820811835618,0.9849820811835618,368.239369379065,6136.290579407312,1.9741255945073375,False
427,19.200::BAT-10,19.2,BAT-10,548563172.648883,3.75,78720000.0,0.9214369369930582,0.9214369369930583,1926.3663049302097,7867.542730019695,1.9741255945073375,False
426,19.200::BAT-5,19.2,BAT-5,512871664.7524018,4.0,78720000.0,0.857891792802555,0.8578917928025549,3484.4932404813535,9598.794880632078,1.9741255945073375,False
425,19.200::None,19.2,None,469352961.6287008,4.25,78720000.0,0.7847727537061684,0.7847727537061684,5277.372079124752,11590.882479124743,1.9741255945073375,False
446,19.800::BAT-20,19.8,BAT-20,594237652.2438262,3.5833333333333335,81180000.0,1.0,1.0,0.0,6697.730335394988,2.0358170193356924,True
447,19.800::BAT-21,19.8,BAT-21,594237652.2438262,3.5833333333333335,81180000.0,1.0,1.0,0.0,6697.73033539499,2.0358170193356924,False
448,19.800::BAT-22,19.8,BAT-22,594237652.2438262,3.5833333333333335,81180000.0,1.0,1.0,0.0,6697.730335394989,2.0358170193356924,False
449,19.800::BAT-23,19.8,BAT-23,594237652.2438262,3.5833333333333335,81180000.0,1.0,1.0,0.0,6697.730335394987,2.0358170193356924,False
450,19.800::BAT-24,19.8,BAT-24,594237652.2438262,3.5833333333333335,81180000.0,1.0,1.0,0.0,6697.730335394987,2.0358170193356924,False
451,19.800::BAT-25,19.8,BAT-25,594237652.2438262,3.5833333333333335,81180000.0,1.0,1.0,0.0,6697.7303353949865,2.0358170193356924,False
452,19.800::BAT-26,19.8,BAT-26,594237652.2438262,3.5833333333333335,81180000.0,1.0,1.0,0.0,6697.730335394987,2.0358170193356924,False
453,19.800::BAT-27,19.8,BAT-27,594237652.2438262,3.5833333333333335,81180000.0,1.0,1.0,0.0,6697.730335394987,2.0358170193356924,False
454,19.800::BAT-28,19.8,BAT-28,594237652.2438262,3.5833333333333335,81180000.0,1.0,1.0,0.0,6697.730335394987,2.0358170193356924,False
455,19.800::BAT-29,19.8,BAT-29,594237652.2438262,3.5833333333333335,81180000.0,1.0,1.0,0.0,6697.730335394987,2.0358170193356924,False
456,19.800::BAT-30,19.8,BAT-30,594237652.2438262,3.5833333333333335,81180000.0,1.0,1.0,0.0,6697.730335394987,2.0358170193356924,False
457,19.800::BAT-31,19.8,BAT-31,594237652.2438262,3.5833333333333335,81180000.0,1.0,1.0,0.0,6697.730335394984,2.0358170193356924,False
458,19.800::BAT-32,19.8,BAT-32,594237652.2438262,3.5833333333333335,81180000.0,1.0,1.0,0.0,6697.730335394989,2.0358170193356924,False
445,19.800::BAT-15,19.8,BAT-15,585476704.5240706,3.6666666666666665,81180000.0,0.9849820811835618,0.9849820811835618,368.239369379065,7106.885190260615,2.0358170193356924,False
444,19.800::BAT-10,19.8,BAT-10,549785196.6275897,3.8333333333333335,81180000.0,0.9214369369930584,0.9214369369930583,1926.3663049302097,8838.137340873,2.0358170193356924,False
443,19.800::BAT-5,19.8,BAT-5,514093688.73110795,4.083333333333333,81180000.0,0.8578917928025548,0.8578917928025549,3484.4932404813535,10569.389491485379,2.0358170193356924,False
442,19.800::None,19.8,None,471484327.6038476,4.333333333333333,81180000.0,0.7873594868904951,0.787359486890495,5213.9453814450635,12491.00298144506,2.0358170193356924,False
463,20.400::BAT-20,20.4,BAT-20,595016378.0862539,3.6666666666666665,83640000.0,1.0,1.0,0.0,7667.381568730312,2.097508444164047,True
464,20.400::BAT-21,20.4,BAT-21,595016378.0862539,3.6666666666666665,83640000.0,1.0,1.0,0.0,7667.381568730312,2.097508444164047,False
465,20.400::BAT-22,20.4,BAT-22,595016378.0862539,3.6666666666666665,83640000.0,1.0,1.0,0.0,7667.381568730312,2.097508444164047,False
466,20.400::BAT-23,20.4,BAT-23,595016378.0862539,3.6666666666666665,83640000.0,1.0,1.0,0.0,7667.381568730311,2.097508444164047,False
467,20.400::BAT-24,20.4,BAT-24,595016378.0862539,3.6666666666666665,83640000.0,1.0,1.0,0.0,7667.38156873031,2.097508444164047,False
468,20.400::BAT-25,20.4,BAT-25,595016378.0862539,3.6666666666666665,83640000.0,1.0,1.0,0.0,7667.38156873031,2.097508444164047,False
469,20.400::BAT-26,20.4,BAT-26,595016378.0862539,3.6666666666666665,83640000.0,1.0,1.0,0.0,7667.3815687303095,2.097508444164047,False
470,20.400::BAT-27,20.4,BAT-27,595016378.0862539,3.6666666666666665,83640000.0,1.0,1.0,0.0,7667.38156873031,2.097508444164047,False
471,20.400::BAT-28,20.4,BAT-28,595016378.0862539,3.6666666666666665,83640000.0,1.0,1.0,0.0,7667.38156873031,2.097508444164047,False
472,20.400::BAT-29,20.4,BAT-29,595016378.0862539,3.6666666666666665,83640000.0,1.0,1.0,0.0,7667.38156873031,2.097508444164047,False
473,20.400::BAT-30,20.4,BAT-30,595016378.0862539,3.6666666666666665,83640000.0,1.0,1.0,0.0,7667.38156873031,2.097508444164047,False
474,20.400::BAT-31,20.4,BAT-31,595016378.0862539,3.6666666666666665,83640000.0,1.0,1.0,0.0,7667.38156873031,2.097508444164047,False
475,20.400::BAT-32,20.4,BAT-32,595016378.0862539,3.6666666666666665,83640000.0,1.0,1.0,0.0,7667.381568730314,2.097508444164047,False
462,20.400::BAT-15,20.4,BAT-15,586482060.371793,3.75,83640000.0,0.9849820811835619,0.9849820811835618,368.2393693790648,8076.536423595941,2.097508444164047,False
461,20.400::BAT-10,20.4,BAT-10,550790552.4753134,3.9166666666666665,83640000.0,0.9214369369930584,0.9214369369930583,1926.3663049302097,9807.788574208324,2.097508444164047,False
460,20.400::BAT-5,20.4,BAT-5,515099044.578831,4.166666666666667,83640000.0,0.857891792802555,0.8578917928025549,3484.4932404813535,11539.040724820708,2.097508444164047,False
459,20.400::None,20.4,None,473596606.18126243,4.416666666666667,83640000.0,0.7895999558961201,0.78959995589612,5159.00908142714,13399.613881427134,2.097508444164047,False
480,21.000::BAT-20,21.0,BAT-20,595794013.8915399,3.75,86100000.0,1.0,1.0,0.0,8635.882120839662,2.1591998689924012,True
481,21.000::BAT-21,21.0,BAT-21,595794013.8915399,3.75,86100000.0,1.0,1.0,0.0,8635.882120839662,2.1591998689924012,False
482,21.000::BAT-22,21.0,BAT-22,595794013.8915399,3.75,86100000.0,1.0,1.0,0.0,8635.882120839662,2.1591998689924012,False
483,21.000::BAT-23,21.0,BAT-23,595794013.8915399,3.75,86100000.0,1.0,1.0,0.0,8635.88212083966,2.1591998689924012,False
484,21.000::BAT-24,21.0,BAT-24,595794013.8915399,3.75,86100000.0,1.0,1.0,0.0,8635.88212083966,2.1591998689924012,False
485,21.000::BAT-25,21.0,BAT-25,595794013.8915399,3.75,86100000.0,1.0,1.0,0.0,8635.88212083966,2.1591998689924012,False
486,21.000::BAT-26,21.0,BAT-26,595794013.8915399,3.75,86100000.0,1.0,1.0,0.0,8635.88212083966,2.1591998689924012,False
487,21.000::BAT-27,21.0,BAT-27,595794013.8915399,3.75,86100000.0,1.0,1.0,0.0,8635.88212083966,2.1591998689924012,False
488,21.000::BAT-28,21.0,BAT-28,595794013.8915399,3.75,86100000.0,1.0,1.0,0.0,8635.88212083966,2.1591998689924012,False
489,21.000::BAT-29,21.0,BAT-29,595794013.8915399,3.75,86100000.0,1.0,1.0,0.0,8635.88212083966,2.1591998689924012,False
490,21.000::BAT-30,21.0,BAT-30,595794013.8915399,3.75,86100000.0,1.0,1.0,0.0,8635.88212083966,2.1591998689924012,False
491,21.000::BAT-31,21.0,BAT-31,595794013.8915399,3.75,86100000.0,1.0,1.0,0.0,8635.882120839658,2.1591998689924012,False
492,21.000::BAT-32,21.0,BAT-32,595794013.8915399,3.75,86100000.0,1.0,1.0,0.0,8635.882120839662,2.1591998689924012,False
479,21.000::BAT-15,21.0,BAT-15,587346021.2778012,3.8333333333333335,86100000.0,0.9849820811835618,0.9849820811835618,368.2393693790648,9045.03697570529,2.1591998689924012,False
478,21.000::BAT-10,21.0,BAT-10,551654513.3813192,4.083333333333333,86100000.0,0.9214369369930582,0.9214369369930583,1926.3663049302097,10776.289126317673,2.1591998689924012,False
477,21.000::BAT-5,21.0,BAT-5,515963005.4848396,4.25,86100000.0,0.857891792802555,0.8578917928025549,3484.4932404813535,12507.541276930056,2.1591998689924012,False
476,21.000::None,21.0,None,475645117.5858902,4.583333333333333,86100000.0,0.7914180704550159,0.7914180704550158,5114.428912443012,14318.580912443007,2.1591998689924012,False
497,21.600::BAT-20,21.6,BAT-20,596569798.3151618,3.8333333333333335,88560000.0,1.0,1.0,0.0,9603.12088713559,2.2208912938207557,True
498,21.600::BAT-21,21.6,BAT-21,596569798.3151618,3.8333333333333335,88560000.0,1.0,1.0,0.0,9603.120887135592,2.2208912938207557,False
499,21.600::BAT-22,21.6,BAT-22,596569798.3151618,3.8333333333333335,88560000.0,1.0,1.0,0.0,9603.120887135592,2.2208912938207557,False
500,21.600::BAT-23,21.6,BAT-23,596569798.3151618,3.8333333333333335,88560000.0,1.0,1.0,0.0,9603.12088713559,2.2208912938207557,False
501,21.600::BAT-24,21.6,BAT-24,596569798.3151618,3.8333333333333335,88560000.0,1.0,1.0,0.0,9603.12088713559,2.2208912938207557,False
502,21.600::BAT-25,21.6,BAT-25,596569798.3151618,3.8333333333333335,88560000.0,1.0,1.0,0.0,9603.120887135588,2.2208912938207557,False
503,21.600::BAT-26,21.6,BAT-26,596569798.3151618,3.8333333333333335,88560000.0,1.0,1.0,0.0,9603.120887135588,2.2208912938207557,False
504,21.600::BAT-27,21.6,BAT-27,596569798.3151618,3.8333333333333335,88560000.0,1.0,1.0,0.0,9603.120887135588,2.2208912938207557,False
505,21.600::BAT-28,21.6,BAT-28,596569798.3151618,3.8333333333333335,88560000.0,1.0,1.0,0.0,9603.120887135588,2.2208912938207557,False
506,21.600::BAT-29,21.6,BAT-29,596569798.3151618,3.8333333333333335,88560000.0,1.0,1.0,0.0,9603.120887135588,2.2208912938207557,False
507,21.600::BAT-30,21.6,BAT-30,596569798.3151618,3.8333333333333335,88560000.0,1.0,1.0,0.0,9603.120887135588,2.2208912938207557,False
508,21.600::BAT-31,21.6,BAT-31,596569798.3151618,3.8333333333333335,88560000.0,1.0,1.0,0.0,9603.120887135588,2.2208912938207557,False
509,21.600::BAT-32,21.6,BAT-32,596569798.3151618,3.8333333333333335,88560000.0,1.0,1.0,0.0,9603.12088713559,2.2208912938207557,False
496,21.600::BAT-15,21.6,BAT-15,588134658.6226835,3.9166666666666665,88560000.0,0.9849820811835618,0.9849820811835618,368.2393693790648,10012.27574200122,2.2208912938207557,False
495,21.600::BAT-10,21.6,BAT-10,552443150.7262017,4.166666666666667,88560000.0,0.9214369369930582,0.9214369369930583,1926.3663049302097,11743.527892613602,2.2208912938207557,False
494,21.600::BAT-5,21.6,BAT-5,516751642.82972157,4.333333333333333,88560000.0,0.857891792802555,0.8578917928025549,3484.4932404813535,13474.780043225985,2.2208912938207557,False
493,21.600::None,21.6,None,477585323.1631708,4.666666666666667,88560000.0,0.7927730499274209,0.7927730499274209,5081.20481577964,15248.904015779633,2.2208912938207557,False
514,22.200::BAT-20,22.2,BAT-20,597343022.9280981,4.0,91020000.0,1.0,1.0,0.0,10569.241841237812,2.2825827186491097,True
515,22.200::BAT-21,22.2,BAT-21,597343022.9280981,4.0,91020000.0,1.0,1.0,0.0,10569.241841237812,2.2825827186491097,False
516,22.200::BAT-22,22.2,BAT-22,597343022.9280981,4.0,91020000.0,1.0,1.0,0.0,10569.241841237812,2.2825827186491097,False
517,22.200::BAT-23,22.2,BAT-23,597343022.9280981,4.0,91020000.0,1.0,1.0,0.0,10569.241841237812,2.2825827186491097,False
518,22.200::BAT-24,22.2,BAT-24,597343022.9280981,4.0,91020000.0,1.0,1.0,0.0,10569.241841237812,2.2825827186491097,False
519,22.200::BAT-25,22.2,BAT-25,597343022.9280981,4.0,91020000.0,1.0,1.0,0.0,10569.241841237812,2.2825827186491097,False
520,22.200::BAT-26,22.2,BAT-26,597343022.9280981,4.0,91020000.0,1.0,1.0,0.0,10569.24184123781,2.2825827186491097,False
521,22.200::BAT-27,22.2,BAT-27,597343022.9280981,4.0,91020000.0,1.0,1.0,0.0,10569.24184123781,2.2825827186491097,False
522,22.200::BAT-28,22.2,BAT-28,597343022.9280981,4.0,91020000.0,1.0,1.0,0.0,10569.24184123781,2.2825827186491097,False
523,22.200::BAT-29,22.2,BAT-29,597343022.9280981,4.0,91020000.0,1.0,1.0,0.0,10569.24184123781,2.2825827186491097,False
524,22.200::BAT-30,22.2,BAT-30,597343022.9280981,4.0,91020000.0,1.0,1.0,0.0,10569.24184123781,2.2825827186491097,False
525,22.200::BAT-31,22.2,BAT-31,597343022.9280981,4.0,91020000.0,1.0,1.0,0.0,10569.24184123781,2.2825827186491097,False
526,22.200::BAT-32,22.2,BAT-32,597343022.9280981,4.0,91020000.0,1.0,1.0,0.0,10569.241841237816,2.2825827186491097,False
513,22.200::BAT-15,22.2,BAT-15,588907883.2356182,4.0,91020000.0,0.9849820811835618,0.9849820811835618,368.2393693790648,10978.39669610344,2.2825827186491097,False
512,22.200::BAT-10,22.2,BAT-10,553216375.339138,4.25,91020000.0,0.9214369369930581,0.9214369369930583,1926.3663049302097,12709.648846715823,2.2825827186491097,False
511,22.200::BAT-5,22.2,BAT-5,517524867.44265705,4.5,91020000.0,0.8578917928025548,0.8578917928025549,3484.4932404813535,14440.900997328208,2.2825827186491097,False
510,22.200::None,22.2,None,479375779.8152966,4.75,91020000.0,0.7937177394429183,0.7937177394429183,5058.041028859642,16189.287428859636,2.2825827186491097,False
531,22.800::BAT-20,22.8,BAT-20,598113136.7606391,4.083333333333333,93480000.0,1.0,1.0,0.0,11534.244983146325,2.344274143477464,True
532,22.800::BAT-21,22.8,BAT-21,598113136.7606391,4.083333333333333,93480000.0,1.0,1.0,0.0,11534.244983146325,2.344274143477464,False
533,22.800::BAT-22,22.8,BAT-22,598113136.7606391,4.083333333333333,93480000.0,1.0,1.0,0.0,11534.244983146325,2.344274143477464,False
534,22.800::BAT-23,22.8,BAT-23,598113136.7606391,4.083333333333333,93480000.0,1.0,1.0,0.0,11534.244983146324,2.344274143477464,False
535,22.800::BAT-24,22.8,BAT-24,598113136.7606391,4.083333333333333,93480000.0,1.0,1.0,0.0,11534.244983146324,2.344274143477464,False
536,22.800::BAT-25,22.8,BAT-25,598113136.7606391,4.083333333333333,93480000.0,1.0,1.0,0.0,11534.244983146324,2.344274143477464,False
537,22.800::BAT-26,22.8,BAT-26,598113136.7606391,4.083333333333333,93480000.0,1.0,1.0,0.0,11534.244983146324,2.344274143477464,False
538,22.800::BAT-27,22.8,BAT-27,598113136.7606391,4.083333333333333,93480000.0,1.0,1.0,0.0,11534.244983146325,2.344274143477464,False
539,22.800::BAT-28,22.8,BAT-28,598113136.7606391,4.083333333333333,93480000.0,1.0,1.0,0.0,11534.244983146325,2.344274143477464,False
540,22.800::BAT-29,22.8,BAT-29,598113136.7606391,4.083333333333333,93480000.0,1.0,1.0,0.0,11534.244983146325,2.344274143477464,False
541,22.800::BAT-30,22.8,BAT-30,598113136.7606391,4.083333333333333,93480000.0,1.0,1.0,0.0,11534.244983146325,2.344274143477464,False
542,22.800::BAT-31,22.8,BAT-31,598113136.7606391,4.083333333333333,93480000.0,1.0,1.0,0.0,11534.244983146325,2.344274143477464,False
543,22.800::BAT-32,22.8,BAT-32,598113136.7606391,4.083333333333333,93480000.0,1.0,1.0,0.0,11534.244983146327,2.344274143477464,False
530,22.800::BAT-15,22.8,BAT-15,589677997.0681615,4.083333333333333,93480000.0,0.9849820811835618,0.9849820811835618,368.2393693790648,11943.399838011956,2.344274143477464,False
529,22.800::BAT-10,22.8,BAT-10,553986489.1716801,4.333333333333333,93480000.0,0.9214369369930582,0.9214369369930583,1926.3663049302097,13674.65198862434,2.344274143477464,False
528,22.800::BAT-5,22.8,BAT-5,518294981.2751982,4.583333333333333,93480000.0,0.8578917928025548,0.8578917928025549,3484.4932404813535,15405.904139236718,2.344274143477464,False
527,22.800::None,22.8,None,480984255.81438506,4.833333333333333,93480000.0,0.794252139001508,0.794252139001508,5044.937551683021,17139.731151683016,2.344274143477464,False
548,23.400::BAT-20,23.4,BAT-20,598879621.612987,4.166666666666667,95940000.0,1.0,1.0,0.0,12498.049669329712,2.405965568305818,True
549,23.400::BAT-21,23.4,BAT-21,598879621.612987,4.166666666666667,95940000.0,1.0,1.0,0.0,12498.049669329712,2.405965568305818,False
550,23.400::BAT-22,23.4,BAT-22,598879621.612987,4.166666666666667,95940000.0,1.0,1.0,0.0,12498.04966932971,2.405965568305818,False
551,23.400::BAT-23,23.4,BAT-23,598879621.612987,4.166666666666667,95940000.0,1.0,1.0,0.0,12498.04966932971,2.405965568305818,False
552,23.400::BAT-24,23.4,BAT-24,598879621.612987,4.166666666666667,95940000.0,1.0,1.0,0.0,12498.04966932971,2.405965568305818,False
553,23.400::BAT-25,23.4,BAT-25,598879621.612987,4.166666666666667,95940000.0,1.0,1.0,0.0,12498.049669329708,2.405965568305818,False
554,23.400::BAT-26,23.4,BAT-26,598879621.612987,4.166666666666667,95940000.0,1.0,1.0,0.0,12498.04966932971,2.405965568305818,False
555,23.400::BAT-27,23.4,BAT-27,598879621.612987,4.166666666666667,95940000.0,1.0,1.0,0.0,12498.04966932971,2.405965568305818,False
556,23.400::BAT-28,23.4,BAT-28,598879621.612987,4.166666666666667,95940000.0,1.0,1.0,0.0,12498.04966932971,2.405965568305818,False
557,23.400::BAT-29,23.4,BAT-29,598879621.612987,4.166666666666667,95940000.0,1.0,1.0,0.0,12498.04966932971,2.405965568305818,False
558,23.400::BAT-30,23.4,BAT-30,598879621.612987,4.166666666666667,95940000.0,1.0,1.0,0.0,12498.04966932971,2.405965568305818,False
559,23.400::BAT-31,23.4,BAT-31,598879621.612987,4.166666666666667,95940000.0,1.0,1.0,0.0,12498.049669329712,2.405965568305818,False
560,23.400::BAT-32,23.4,BAT-32,598879621.612987,4.166666666666667,95940000.0,1.0,1.0,0.0,12498.049669329714,2.405965568305818,False
547,23.400::BAT-15,23.4,BAT-15,590444481.9205072,4.166666666666667,95940000.0,0.9849820811835618,0.9849820811835618,368.2393693790648,12907.204524195342,2.405965568305818,False
546,23.400::BAT-10,23.4,BAT-10,554752974.0240262,4.416666666666667,95940000.0,0.9214369369930581,0.9214369369930583,1926.3663049302097,14638.456674807725,2.405965568305818,False
545,23.400::BAT-5,23.4,BAT-5,519061466.12754595,4.666666666666667,95940000.0,0.8578917928025548,0.8578917928025549,3484.4932404813535,16369.708825420108,2.405965568305818,False
544,23.400::None,23.4,None,482380436.4720804,4.916666666666667,95940000.0,0.7943466486120514,0.7943466486120514,5042.620176032498,18100.96097603249,2.405965568305818,False
565,24.000::BAT-20,24.0,BAT-20,599642743.6094285,4.25,98400000.0,1.0,1.0,0.0,13461.596869329725,2.4204178340517237,True
566,24.000::BAT-21,24.0,BAT-21,599642743.6094285,4.25,98400000.0,1.0,1.0,0.0,13461.596869329725,2.4204178340517237,False
567,24.000::BAT-22,24.0,BAT-22,599642743.6094285,4.25,98400000.0,1.0,1.0,0.0,13461.596869329724,2.4204178340517237,False
568,24.000::BAT-23,24.0,BAT-23,599642743.6094285,4.25,98400000.0,1.0,1.0,0.0,13461.596869329724,2.4204178340517237,False
569,24.000::BAT-24,24.0,BAT-24,599642743.6094285,4.25,98400000.0,1.0,1.0,0.0,13461.596869329722,2.4204178340517237,False
570,24.000::BAT-25,24.0,BAT-25,599642743.6094285,4.25,98400000.0,1.0,1.0,0.0,13461.596869329722,2.4204178340517237,False
571,24.000::BAT-26,24.0,BAT-26,599642743.6094285,4.25,98400000.0,1.0,1.0,0.0,13461.596869329722,2.4204178340517237,False
572,24.000::BAT-27,24.0,BAT-27,599642743.6094285,4.25,98400000.0,1.0,1.0,0.0,13461.596869329722,2.4204178340517237,False
573,24.000::BAT-28,24.0,BAT-28,599642743.6094285,4.25,98400000.0,1.0,1.0,0.0,13461.596869329722,2.4204178340517237,False
574,24.000::BAT-29,24.0,BAT-29,599642743.6094285,4.25,98400000.0,1.0,1.0,0.0,13461.596869329722,2.4204178340517237,False
575,24.000::BAT-30,24.0,BAT-30,599642743.6094285,4.25,98400000.0,1.0,1.0,0.0,13461.596869329722,2.4204178340517237,False
576,24.000::BAT-31,24.0,BAT-31,599642743.6094285,4.25,98400000.0,1.0,1.0,0.0,13461.596869329725,2.4204178340517237,False
577,24.000::BAT-32,24.0,BAT-32,599642743.6094285,4.25,98400000.0,1.0,1.0,0.0,13461.596869329725,2.4204178340517237,False
564,24.000::BAT-15,24.0,BAT-15,591207603.9169489,4.25,98400000.0,0.9849820811835618,0.9849820811835618,368.2393693790648,13870.751724195352,2.4204178340517237,False
563,24.000::BAT-10,24.0,BAT-10,555516096.0204678,4.5,98400000.0,0.9214369369930581,0.9214369369930584,1926.3663049302095,15602.003874807735,2.4204178340517237,False
562,24.000::BAT-5,24.0,BAT-5,519824588.12398714,4.75,98400000.0,0.8578917928025548,0.8578917928025549,3484.4932404813535,17333.25602542012,2.4204178340517237,False
561,24.000::None,24.0,None,483579890.0592968,5.0,98400000.0,0.7943466486120514,0.7943466486120514,5042.620176032498,19064.5081760325,2.4204178340517237,False
582,24.600::BAT-20,24.6,BAT-20,600403178.8172568,4.333333333333333,100860000.0,1.0,1.0,0.0,14425.14406932972,2.4204178340517237,True
583,24.600::BAT-21,24.6,BAT-21,600403178.8172568,4.333333333333333,100860000.0,1.0,1.0,0.0,14425.144069329723,2.4204178340517237,False
584,24.600::BAT-22,24.6,BAT-22,600403178.8172568,4.333333333333333,100860000.0,1.0,1.0,0.0,14425.144069329719,2.4204178340517237,False
585,24.600::BAT-23,24.6,BAT-23,600403178.8172568,4.333333333333333,100860000.0,1.0,1.0,0.0,14425.14406932972,2.4204178340517237,False
586,24.600::BAT-24,24.6,BAT-24,600403178.8172568,4.333333333333333,100860000.0,1.0,1.0,0.0,14425.144069329719,2.4204178340517237,False
587,24.600::BAT-25,24.6,BAT-25,600403178.8172568,4.333333333333333,100860000.0,1.0,1.0,0.0,14425.144069329719,2.4204178340517237,False
588,24.600::BAT-26,24.6,BAT-26,600403178.8172568,4.333333333333333,100860000.0,1.0,1.0,0.0,14425.144069329719,2.4204178340517237,False
589,24.600::BAT-27,24.6,BAT-27,600403178.8172568,4.333333333333333,100860000.0,1.0,1.0,0.0,14425.144069329719,2.4204178340517237,False
590,24.600::BAT-28,24.6,BAT-28,600403178.8172568,4.333333333333333,100860000.0,1.0,1.0,0.0,14425.144069329719,2.4204178340517237,False
591,24.600::BAT-29,24.6,BAT-29,600403178.8172568,4.333333333333333,100860000.0,1.0,1.0,0.0,14425.144069329719,2.4204178340517237,False
592,24.600::BAT-30,24.6,BAT-30,600403178.8172568,4.333333333333333,100860000.0,1.0,1.0,0.0,14425.144069329719,2.4204178340517237,False
593,24.600::BAT-31,24.6,BAT-31,600403178.8172568,4.333333333333333,100860000.0,1.0,1.0,0.0,14425.144069329723,2.4204178340517237,False
594,24.600::BAT-32,24.6,BAT-32,600403178.8172568,4.333333333333333,100860000.0,1.0,1.0,0.0,14425.144069329723,2.4204178340517237,False
581,24.600::BAT-15,24.6,BAT-15,591968039.1247774,4.333333333333333,100860000.0,0.9849820811835618,0.9849820811835618,368.2393693790648,14834.298924195353,2.4204178340517237,False
580,24.600::BAT-10,24.6,BAT-10,556276531.2282974,4.583333333333333,100860000.0,0.9214369369930581,0.9214369369930584,1926.3663049302095,16565.551074807736,2.4204178340517237,False
579,24.600::BAT-5,24.6,BAT-5,520585023.33181626,4.833333333333333,100860000.0,0.8578917928025548,0.8578917928025549,3484.4932404813535,18296.803225420117,2.4204178340517237,False
578,24.600::None,24.6,None,484622166.51267415,5.166666666666667,100860000.0,0.7943466486120514,0.7943466486120514,5042.620176032498,20028.055376032502,2.4204178340517237,False
